"pitches","player_id","player_name","total_pitches","pitch_percent","ba","iso","babip","slg","woba","xwoba","xba","hits","abs","launch_speed","launch_angle","spin_rate","velocity","effective_speed","whiffs","swings","takes","eff_min_vel","release_extension","pos3_int_start_distance","pos4_int_start_distance","pos5_int_start_distance","pos6_int_start_distance","pos7_int_start_distance","pos8_int_start_distance","pos9_int_start_distance","pitcher_run_exp","run_exp","bat_speed","swing_length","pa","bip","singles","doubles","triples","hrs","so","k_percent","bb","bb_percent","api_break_z_with_gravity","api_break_z_induced","api_break_x_arm","api_break_x_batter_in","hyper_speed","bbdist","hardhit_percent","barrels_per_bbe_percent","barrels_per_pa_percent","release_pos_z","release_pos_x","plate_x","plate_z","obp","barrels_total","batter_run_value_per_100","xobp","xslg","pitcher_run_value_per_100","xbadiff","xobpdiff","xslgdiff","wobadiff","swing_miss_percent","arm_angle"
24,607200,"Fedde, Erick",2891,0.8,,,,,,,,,,,,2180,90.5,91.47,0,24,0,1,6.62,117,147,123,151,295,321,299,"0","0","66.6","6.1",,,,,,,,,,,2.19667,0.5625,-0.2775,0.17167,"88.1",131,,,,5.87,-1.39,0.33,3.02,,0,"0",,,"0",,,,,0,"38.1"
23,571578,"Corbin, Patrick",2888,0.8,,,,,,,,,,,,2346,86.2,87.17,0,23,0,1,6.75,107,151,121,145,303,325,295,"0","0","72.2","7.3",,,,,,,,,,,2.65522,0.39565,-0.17905,0.17905,"89.6",62,,,,6.13,2.58,-0.23,2.29,,0,"0",,,"0",,,,,0,"34.9"
22,687765,"Spence, Mitch",2481,0.9,,,,,,,,,,,,2624,91.6,91.96,0,22,0,0.4000000000000057,6.35,124,147,131,153,297,322,299,"0","0","66.1","6.7",,,,,,,,,,,2.21818,0.48273,-0.30182,0.17545,"88.4",166,,,,6.25,-2.5,-0.07,2.71,,0,"0",,,"0",,,,,0,"49.9"
22,623167,"Flexen, Chris",2797,0.8,,,,,,,,,,,,2441,88.8,89.02,0,22,0,0.20000000000000284,6.24,111,147,124,148,296,323,295,"0","0","67.6","7.0",,,,,,,,,,,2.13273,0.74182,-0.64955,0.07409,"89.3",120,,,,6.89,-0.12,0.6,2.56,,0,"0",,,"0",,,,,0,"70.7"
19,502085,"Robertson, David",1211,1.6,,,,,,,,,,,,2635,93.7,94.42,0,19,0,0.7000000000000028,6.67,118,146,126,149,292,319,298,"0","0","70.4","7.2",,,,,,,,,,,1.25,1.34263,-0.11722,-0.02278,"88.0",165,,,,5.78,-2.75,-0.19,2.56,,0,"0",,,"0",,,,,0,"43.2"
19,669203,"Burnes, Corbin",2996,0.6,,,,,,,,,,,,2776,96.1,96.86,0,19,0,0.8000000000000114,6.56,120,149,127,151,299,322,294,"0","0","69.9","7.1",,,,,,,,,,,1.45632,0.99947,-0.24368,0.11737,"88.4",137,,,,6.01,-0.96,0.09,2.4,,0,"0",,,"0",,,,,0,"42.0"
18,676440,"Bibee, Tanner",2851,0.6,,,,,,,,,,,,2770,87.1,87.5,0,18,0,0.4000000000000057,6.59,113,151,134,150,298,321,297,"0","0","71.5","7.4",,,,,,,,,,,2.65222,0.36,-0.68944,-0.00833,"90.6",171,,,,6.18,-2.51,0.53,2.26,,,"0",,,"0",,,,,0,"47.2"
18,641482,"Cortes, Nestor",2849,0.6,,,,,,,,,,,,2410,88,87.59,0,18,0,-0.4000000000000057,5.84,111,154,120,150,296,323,280,"0","0","70.5","7.3",,,,,,,,,,,2.20222,0.72222,-0.395,0.395,"91.8",150,,,,5.66,1.34,-0.15,2.48,,0,"0",,,"0",,,,,0,"44.6"
17,661403,"Clase, Emmanuel",983,1.7,,,,,,,,,,,,2569,99.3,100.15,0,17,0,0.9000000000000057,6.59,112,150,127,149,293,314,287,"0","0","69.7","6.8",,,,,,,,,,,1.38882,0.91,-0.30176,-0.27118,"88.1",130,,,,6.06,-0.61,0.18,2.23,,0,"0",,,"0",,,,,0,"53.4"
17,605135,"Bassitt, Chris",2959,0.6,,,,,,,,,,,,2242,90.5,91.09,0,17,0,0.5999999999999943,6.52,115,149,123,148,290,319,296,"0","0","68.6","6.2",,,,,,,,,,,1.94412,0.82588,0.0525,-0.1175,"89.2",196,,,,5.58,-1.57,-0.2,3.12,,0,"0",,,"0",,,,,0,"37.1"
16,676979,"Crochet, Garrett",2395,0.7,,,,,,,,,,,,2657,92.2,93.66,0,16,0,1.5,6.97,111,152,121,147,295,321,290,"0","0","68.8","7.5",,,,,,,,,,,2.18063,0.4825,-0.26312,0.20438,"88.2",50,,,,6.22,2.53,-0.46,2,,0,"0",,,"0",,,,,0,"40.9"
16,621107,"Eflin, Zach",2447,0.7,,,,,,,,,,,,2195,89.1,89.87,0,16,0,0.8000000000000114,6.54,113,148,132,152,291,327,299,"0","0","68.0","6.8",,,,,,,,,,,2.1275,0.72313,-0.10437,0.00187,"89.8",164,,,,5.73,-2.33,-0.25,2.9,,0,"0",,,"0",,,,,0,"26.4"
15,621237,"Alvarado, José",1052,1.4,,,,,,,,,,,,2098,92.7,93.46,0,15,0,0.7999999999999972,6.74,103,147,118,143,304,321,284,"0","0","71.4","7.7",,,,,,,,,,,2.08867,0.558,0.01467,-0.01467,"92.2",143,,,,6.68,0.99,-0.81,2.12,,0,"0",,,"0",,,,,0,"67.0"
14,676710,"Crawford, Kutter",2823,0.5,,,,,,,,,,,,2500,88.4,88.49,0,14,0,0.09999999999999432,6.14,117,148,126,148,288,321,298,"0","0","70.4","7.2",,,,,,,,,,,2.19571,0.69929,-0.43357,0.07214,"90.3",138,,,,6,-1.2,0.5,2.71,,0,"0",,,"0",,,,,0,"46.6"
14,458681,"Lynn, Lance",2039,0.7,,,,,,,,,,,,2682,87.6,87.85,0,14,0,0.20000000000000284,6.38,113,149,121,148,302,318,297,"0","0","66.2","6.9",,,,,,,,,,,2.51643,0.44857,-0.15929,0.02929,"88.0",168,,,,5.5,-3.15,0.15,2.43,,0,"0",,,"0",,,,,0,"31.2"
13,657376,"Schmidt, Clarke",1454,0.9,,,,,,,,,,,,2737,92.7,92.86,0,13,0,0.20000000000000284,6.22,118,151,125,152,291,325,288,"0","0","70.2","6.8",,,,,,,,,,,1.89692,0.74,-0.30833,-0.17,"90.5",234,,,,5.62,-1.47,0.51,2.64,,0,"0",,,"0",,,,,0,"34.4"
13,669194,"Nelson, Ryne",2406,0.5,,,,,,,,,,,,2199,91.8,92.76,0,13,0,1,6.82,108,143,129,147,290,320,294,"0","0","67.0","7.0",,,,,,,,,,,2.04154,0.66231,-0.1025,-0.0975,"89.9",195,,,,5.98,-1.63,0.6,2.25,,0,"0",,,"0",,,,,0,"45.5"
13,445276,"Jansen, Kenley",801,1.6,,,,,,,,,,,,2662,93,93.85,0,13,0,0.7999999999999972,6.81,116,150,123,149,281,319,296,"0","0","69.3","7.0",,,,,,,,,,,1.22308,1.41538,-0.52462,-0.02,"89.6",174,,,,6.52,-1.89,0.1,2.76,,0,"0",,,"0",,,,,0,"62.9"
13,681867,"Criswell, Cooper",1756,0.7,,,,,,,,,,,,2228,86.5,87.64,0,13,0,1.0999999999999943,6.75,118,143,129,149,283,321,301,"0","0","67.3","6.4",,,,,,,,,,,2.34,0.67846,-0.00923,0.00923,"88.3",118,,,,5,-1.82,0.26,3.02,,0,"0",,,"0",,,,,0,"13.0"
12,650893,"Cabrera, Génesis",1030,1.2,,,,,,,,,,,,2028,89.3,88.97,0,12,0,-0.29999999999999716,6.02,108,150,126,150,297,316,287,"0","0","68.9","7.6",,,,,,,,,,,2.405,0.45083,-0.018,-0.028,"88.8",72,,,,5.91,1.94,-0.36,1.87,,,"0",,,"0",,,,,0,"45.7"
12,606930,"Barnes, Jacob",1117,1.1,,,,,,,,,,,,2342,89.9,91.17,0,12,0,1.2999999999999972,6.8,116,149,126,149,308,329,297,"0","0","70.2","7.7",,,,,,,,,,,2.235,0.5625,-0.45833,-0.095,"89.7",74,,,,5.6,-1.34,0.51,1.99,,0,"0",,,"0",,,,,0,"41.1"
11,669302,"Gilbert, Logan",3042,0.4,,,,,,,,,,,,2233,92,94.53,0,11,0,2.5,7.67,122,149,135,151,290,321,296,"0","0","70.6","7.2",,,,,,,,,,,1.68727,0.99545,-0.31182,0.03909,"90.0",165,,,,5.89,-1.03,0.21,2.52,,0,"0",,,"0",,,,,0,"50.3"
11,621345,"Minter, A.J.",522,2.1,,,,,,,,,,,,2492,88.8,89.34,0,11,0,0.5,6.33,109,151,124,149,295,326,298,"0","0","66.5","7.0",,,,,,,,,,,2.58273,0.27909,-0.38636,-0.11182,"89.7",82,,,,5.69,2.31,-0.28,2.31,,0,"0",,,"0",,,,,0,"44.9"
11,573186,"Stroman, Marcus",2667,0.4,,,,,,,,,,,,2496,88.1,87.39,0,11,0,-0.6999999999999886,5.62,121,149,131,152,294,327,287,"0","0","68.9","6.9",,,,,,,,,,,2.44909,0.46364,-0.07182,-0.07182,"88.0",157,,,,5.24,-0.99,0.42,2.92,,0,"0",,,"0",,,,,0,"32.7"
11,641927,"Ober, Bailey",2696,0.4,,,,,,,,,,,,2068,86.3,88.25,0,11,0,1.9000000000000057,7.22,114,145,128,147,294,325,294,"0","0","68.1","7.4",,,,,,,,,,,2.51364,0.51636,-0.37545,-0.05364,"90.8",156,,,,5.95,-1.19,1,2.54,,0,"0",,,"0",,,,,0,"35.9"
11,445926,"Chavez, Jesse",1044,1.1,,,,,,,,,,,,2181,88.5,88.65,0,11,0,0.09999999999999432,6.15,116,151,122,148,297,322,296,"0","0","67.3","6.4",,,,,,,,,,,1.86636,1.02091,0.10818,-0.03364,"88.0",186,,,,5.18,-1.68,-0.03,2.87,,0,"0",,,"0",,,,,0,"19.5"
10,657649,"Koenig, Jared",1017,1,,,,,,,,,,,,2496,90.4,90.4,0,10,0,0,6.06,108,151,130,148,302,321,297,"0","0","68.8","6.9",,,,,,,,,,,1.995,0.773,-0.106,-0.06,"88.0",179,,,,5.56,3.09,-0.03,2.57,,0,"0",,,"0",,,,,0,"23.4"
10,668933,"Ashcraft, Graham",1342,0.7,,,,,,,,,,,,2461,96.3,95.5,0,10,0,-0.7999999999999972,5.52,114,146,132,150,303,334,306,"0","0","68.8","6.5",,,,,,,,,,,1.64,0.792,-0.058,0.046,"88.6",219,,,,6.35,-0.31,0.03,2.75,,0,"0",,,"0",,,,,0,"51.0"
9,671737,"Bradley, Taj",2294,0.4,,,,,,,,,,,,2284,90.4,90.89,0,9,0,0.5,6.47,105,149,120,148,304,329,298,"0","0","68.6","7.1",,,,,,,,,,,2.49,0.28889,-0.33222,-0.19667,"88.1",118,,,,6.06,-1.57,0.07,2.31,,0,"0",,,"0",,,,,0,"52.5"
9,641540,"Dunning, Dane",1689,0.5,,,,,,,,,,,,2167,87.9,89.3,0,9,0,1.3999999999999915,7.03,118,149,129,151,294,324,298,"0","0","65.6","6.7",,,,,,,,,,,2.03667,0.9,-0.01778,0.04889,"88.0",180,,,,5.36,-2.33,0.28,2.77,,,"0",,,"0",,,,,0,"38.5"
9,676534,"Faucher, Calvin",987,0.9,,,,,,,,,,,,2848,91.5,90.96,0,9,0,-0.5,5.71,112,151,126,149,294,321,306,"0","0","70.6","7.2",,,,,,,,,,,2.62556,0.07111,-0.36556,-0.03222,"88.0",95,,,,5.98,-0.93,0.32,2.4,,0,"0",,,"0",,,,,0,"50.2"
9,527048,"Pérez, Martín",2204,0.4,,,,,,,,,,,,2213,88.1,87.79,0,9,0,-0.29999999999999716,5.98,103,149,117,146,311,327,289,"0","0","70.7","7.1",,,,,,,,,,,1.91222,1.01222,-0.00778,-0.05889,"88.0",156,,,,5.63,1.21,0.13,2.22,,0,"0",,,"0",,,,,0,"47.1"
9,455119,"Martin, Chris",657,1.4,,,,,,,,,,,,2219,91.5,92.1,0,9,0,0.5999999999999943,6.58,119,152,129,151,289,322,300,"0","0","69.3","6.9",,,,,,,,,,,1.93444,0.78111,-0.16111,-0.05444,"88.0",208,,,,6.13,-2.94,0.27,2.85,,0,"0",,,"0",,,,,0,"41.4"
9,641302,"Alexander, Tyler",1668,0.5,,,,,,,,,,,,2387,85.7,85.88,0,9,0,0.20000000000000284,6.26,101,153,120,147,303,325,294,"0","0","69.9","6.8",,,,,,,,,,,2.49222,0.59444,-0.30444,0.30444,"88.0",147,,,,5.59,1.57,-0.31,2.79,,0,"0",,,"0",,,,,0,"34.8"
8,665871,"Assad, Javier",2538,0.3,,,,,,,,,,,,2087,88.8,89.52,0,8,0,0.7000000000000028,6.63,128,148,117,154,290,323,303,"0","0","66.8","6.4",,,,,,,,,,,2.2375,0.64375,-0.25375,0.25375,"89.2",90,,,,5.95,-1.71,0.45,2.61,,0,"0",,,"0",,,,,0,"52.3"
8,621111,"Buehler, Walker",1336,0.6,,,,,,,,,,,,2393,91,91.92,0,8,0,0.9000000000000057,6.53,121,149,142,154,289,314,299,"0","0","70.0","6.9",,,,,,,,,,,2.0375,0.68625,-0.46375,0.46375,"94.1",146,,,,5.52,-1.32,0.28,2.72,,0,"0",,,"0",,,,,0,"44.1"
8,543135,"Eovaldi, Nathan",2622,0.3,,,,,,,,,,,,2242,91.5,92.15,0,8,0,0.5999999999999943,6.65,114,148,123,152,290,316,295,"0","0","70.7","6.9",,,,,,,,,,,2.0025,0.7175,-0.09375,0.05375,"92.8",195,,,,5.51,-2.42,0.6,2.38,,0,"0",,,"0",,,,,0,"33.3"
7,542881,"Anderson, Tyler",2914,0.2,,,,,,,,,,,,2382,85.1,85.3,0,7,0,0.20000000000000284,6.11,115,150,126,151,303,323,295,"0","0","69.5","7.0",,,,,,,,,,,2.18429,0.92857,-0.33,0.10143,"88.0",99,,,,6.27,1.75,-0.41,2.45,,,"0",,,"0",,,,,0,"51.7"
7,650644,"Civale, Aaron",2699,0.3,,,,,,,,,,,,2639,87.9,87.27,0,7,0,-0.6000000000000085,5.71,100,146,128,148,304,324,296,"0","0","67.1","6.4",,,,,,,,,,,2.37143,0.56286,-0.42429,0.11571,"88.0",133,,,,6.44,-0.91,0.08,3.18,,,"0",,,"0",,,,,0,"47.3"
7,667725,"Tyler, Kyle",580,1.2,,,,,,,,,,,,2161,90.3,91.17,0,7,0,0.9000000000000057,6.83,121,149,129,152,298,320,307,"0","0","66.4","6.3",,,,,,,,,,,2.02429,0.77143,-0.43,0.32429,"88.7",189,,,,5.98,-2.12,-0.05,3.02,,0,"0",,,"0",,,,,0,"63.1"
7,680885,"Schwellenbach, Spencer",1887,0.4,,,,,,,,,,,,2384,93.3,94.34,0,7,0,1,6.67,105,151,129,149,300,322,292,"0","0","68.2","7.4",,,,,,,,,,,1.80286,0.79286,-0.11286,-0.05,"89.6",143,,,,5.53,-2.7,0.72,2.49,,0,"0",,,"0",,,,,0,"32.3"
7,665152,"Kremer, Dean",2171,0.3,,,,,,,,,,,,2455,87.7,87.81,0,7,0,0.09999999999999432,6.09,122,149,130,151,298,324,300,"0","0","69.8","7.2",,,,,,,,,,,2.4,0.53857,-0.47286,0.22714,"88.0",170,,,,6.09,-1.91,0.15,2.34,,,"0",,,"0",,,,,0,"41.3"
7,666214,"Wentz, Joey",1224,0.6,,,,,,,,,,,,2466,86.4,87.16,0,7,0,0.7999999999999972,6.47,119,150,117,146,296,326,291,"0","0","61.5","7.0",,,,,,,,,,,2.69857,0.32429,-0.28571,0.09714,"88.0",112,,,,6.19,1.24,-0.14,2.42,,0,"0",,,"0",,,,,0,"47.5"
7,656222,"Beeks, Jalen",1186,0.6,,,,,,,,,,,,2251,85.6,86.03,0,7,0,0.4000000000000057,6.4,118,142,118,142,294,323,295,"0","0","65.8","6.9",,,,,,,,,,,2.71571,0.37571,-0.21857,-0.09,"88.0",132,,,,6.02,1.03,-0.65,2.43,,0,"0",,,"0",,,,,0,"49.7"
7,686613,"Brown, Hunter",2889,0.2,,,,,,,,,,,,2355,92.7,93.26,0,7,0,0.5999999999999943,6.54,107,144,126,148,283,323,298,"0","0","66.9","6.2",,,,,,,,,,,1.57143,1.07571,-0.20857,0.20857,"91.2",165,,,,6.36,-1.67,0.25,3.24,,,"0",,,"0",,,,,0,"59.1"
6,544150,"Suárez, Albert",2234,0.3,,,,,,,,,,,,2212,86.3,87.1,0,6,0,0.7999999999999972,6.7,98,143,117,139,309,330,293,"0","0","66.7","7.9",,,,,,,,,,,2.37,0.68167,-0.27333,-0.27333,"88.0",122,,,,6.05,-1.56,0.9,2.23,,,"0",,,"0",,,,,0,"34.9"
6,664208,"Maton, Phil",1078,0.6,,,,,,,,,,,,2574,88.5,90.12,0,6,0,1.6999999999999886,7.07,112,152,126,150,303,333,298,"0","0","61.3","6.0",,,,,,,,,,,1.87333,1.01667,-0.355,-0.15833,"89.0",221,,,,5.34,-1.01,-0.09,2.93,,,"0",,,"0",,,,,0,"33.5"
6,663947,"Holton, Tyler",1339,0.4,,,,,,,,,,,,2376,88.3,89.18,0,6,0,0.9000000000000057,6.52,108,151,120,145,307,331,288,"0","0","74.3","7.7",,,,,,,,,,,2.335,0.67,-0.36167,0.36167,"94.0",116,,,,5.89,1.5,-0.14,2.18,,,"0",,,"0",,,,,0,"46.0"
6,518876,"Kelly, Merrill",1142,0.5,,,,,,,,,,,,2403,91.6,91.87,0,6,0,0.30000000000001137,6.17,120,150,134,150,304,330,308,"0","0","69.1","7.7",,,,,,,,,,,1.92,0.76833,0.16333,-0.04667,"89.3",245,,,,5.34,-2.13,0.12,1.77,,,"0",,,"0",,,,,0,"22.8"
6,542888,"Armstrong, Shawn",1109,0.5,,,,,,,,,,,,2433,90.9,91.65,0,6,0,0.7999999999999972,6.52,109,148,125,149,299,333,299,"0","0","73.4","6.9",,,,,,,,,,,2.075,0.66667,-0.275,0.14833,"88.0",143,,,,5.85,-1.47,0.06,2.6,,0,"0",,,"0",,,,,0,"41.5"
6,607625,"Lugo, Seth",3112,0.2,,,,,,,,,,,,2445,89.9,89.42,0,6,0,-0.5,5.92,115,150,123,151,298,319,294,"0","0","66.8","6.3",,,,,,,,,,,1.95,0.86167,-0.11167,0.065,"88.0",186,,,,5.81,-1.33,0.57,3,,0,"0",,,"0",,,,,0,"37.0"
6,657571,"Ferguson, Caleb",940,0.6,,,,,,,,,,,,2624,88.2,88.95,0,6,0,0.7999999999999972,6.57,106,152,119,149,289,321,292,"0","0","73.2","7.7",,,,,,,,,,,2.495,0.415,-0.285,0.285,"91.6",83,,,,5.5,2.36,-0.37,1.97,,0,"0",,,"0",,,,,0,"38.0"
6,670174,"Winckowski, Josh",1240,0.5,,,,,,,,,,,,2176,91.2,91.52,0,6,0,0.4000000000000057,6.43,123,150,137,152,285,321,300,"0","0","68.1","6.8",,,,,,,,,,,2.435,0.3,-0.33333,0.15333,"88.0",130,,,,6.18,-1.75,0.28,2.2,,,"0",,,"0",,,,,0,"55.1"
6,502043,"Gibson, Kyle",2764,0.2,,,,,,,,,,,,2366,88.4,89.62,0,6,0,1.1999999999999886,6.8,99,144,121,147,304,330,300,"0","0","70.9","7.2",,,,,,,,,,,2.49333,0.39667,-0.195,-0.105,"88.0",164,,,,6.34,-2.21,0.28,2.02,,0,"0",,,"0",,,,,0,"44.6"
6,595014,"Treinen, Blake",737,0.8,,,,,,,,,,,,2515,91,90.35,0,6,0,-0.5999999999999943,5.65,128,148,129,154,278,313,299,"0","0","71.7","7.3",,,,,,,,,,,2.08667,0.64333,-0.22167,0.22167,"88.3",84,,,,6.2,-2.81,0.56,3.17,,0,"0",,,"0",,,,,0,"33.3"
6,664076,"Cleavinger, Garrett",1056,0.6,,,,,,,,,,,,2592,91.4,91.15,0,6,0,-0.30000000000001137,5.98,104,150,121,147,301,324,291,"0","0","76.8","7.2",,,,,,,,,,,2.26,0.45667,-0.26,0.16667,"89.6",67,,,,5.22,0.93,-0.51,2.28,,0,"0",,,"0",,,,,0,"33.5"
5,663485,"Sands, Cole",1154,0.4,,,,,,,,,,,,2424,90.6,90.08,0,5,0,-0.5,5.76,113,151,122,147,293,319,290,"0","0","67.2","7.1",,,,,,,,,,,2.104,0.654,-0.222,-0.19,"88.4",195,,,,5.8,-2.59,0.56,2.79,,0,"0",,,"0",,,,,0,"28.4"
5,519326,"Strickland, Hunter",1157,0.4,,,,,,,,,,,,2839,83.3,82.88,0,5,0,-0.3999999999999915,6,104,140,111,138,304,320,287,"0","0","70.4","7.4",,,,,,,,,,,2.996,0.294,-1.346,-1.346,"88.0",178,,,,5.86,-3.14,-0.15,2.45,,,"0",,,"0",,,,,0,"31.5"
5,681293,"Arrighetti, Spencer",2505,0.2,,,,,,,,,,,,2537,90.1,91.26,0,5,0,1.2000000000000028,7,122,148,129,153,284,320,299,"0","0","70.0","7.4",,,,,,,,,,,1.95,0.86,0.02,-0.02,"90.9",128,,,,5.02,-1.76,-0.09,2.4,,,"0",,,"0",,,,,0,"20.6"
5,663623,"Irvin, Jake",3046,0.2,,,,,,,,,,,,2583,89.7,91.2,0,5,0,1.5,6.94,94,144,121,147,309,325,299,"0","0","70.3","7.1",,,,,,,,,,,2.236,0.576,0.005,-0.12,"88.0",152,,,,5.7,-2.28,0.13,2.56,,,"0",,,"0",,,,,0,"27.0"
5,669060,"Wilson, Bryse",1643,0.3,,,,,,,,,,,,2060,88.8,89.46,0,5,0,0.7000000000000028,6.52,113,146,123,144,307,324,294,"0","0","67.3","7.4",,,,,,,,,,,2.284,0.59,-0.27,0.086,"92.4",154,,,,5.76,-2.87,0.4,2.25,,,"0",,,"0",,,,,0,"44.0"
5,607259,"Martinez, Nick",2125,0.2,,,,,,,,,,,,2368,89.7,89.18,0,5,0,-0.5,5.78,121,148,124,152,286,317,292,"0","0","63.4","6.9",,,,,,,,,,,1.794,1.02,-0.122,0.022,"88.8",187,,,,6.23,-1.64,0.37,2.11,,,"0",,,"0",,,,,0,"54.3"
5,554430,"Wheeler, Zack",3134,0.2,,,,,,,,,,,,2548,90.6,92.22,0,5,0,1.6000000000000085,7.1,125,148,130,152,291,329,298,"0","0","72.3","7.2",,,,,,,,,,,2.202,0.558,-0.224,0.224,"88.7",212,,,,5.22,-2.21,-0.01,2.39,,0,"0",,,"0",,,,,0,"23.7"
5,666808,"Doval, Camilo",1116,0.4,,,,,,,,,,,,2383,99.6,100.1,0,5,0,0.5,6.34,112,148,122,148,298,323,292,"0","0","63.4","6.6",,,,,,,,,,,1.516,0.76,0.454,0.15,"88.1",209,,,,5.49,-1.7,-0.11,2.39,,,"0",,,"0",,,,,0,"19.1"
5,681190,"Vásquez, Randy",1687,0.3,,,,,,,,,,,,2715,90.4,90.2,0,5,0,-0.20000000000000284,6.22,121,147,128,151,302,328,303,"0","0","67.0","6.3",,,,,,,,,,,2.124,0.64,-0.196,-0.036,"88.7",125,,,,5.98,-1.99,0.16,2.98,,0,"0",,,"0",,,,,0,"37.0"
5,621381,"Strahm, Matt",981,0.5,,,,,,,,,,,,2505,89.1,89.34,0,5,0,0.20000000000000284,6.14,109,152,120,148,311,328,292,"0","0","73.3","7.1",,,,,,,,,,,2.148,0.692,0.014,-0.014,"89.6",158,,,,5.32,2.04,-0.66,2.47,,,"0",,,"0",,,,,0,"29.7"
5,656629,"Kopech, Michael",1143,0.4,,,,,,,,,,,,2503,91.3,92.28,0,5,0,1,6.74,120,147,123,151,289,319,293,"0","0","67.4","7.0",,,,,,,,,,,2.444,0.284,-0.376,-0.104,"89.1",16,,,,5.65,-2.39,0.4,2.11,,0,"0",,,"0",,,,,0,"42.7"
4,642232,"Yarbrough, Ryan",1514,0.3,,,,,,,,,,,,1976,83.7,84.1,0,4,0,0.3999999999999915,6.35,100,153,123,148,300,307,283,"0","0","62.4","5.6",,,,,,,,,,,2.5225,0.7125,0.09,-0.09,"88.0",173,,,,4.97,3.33,-0.39,3.23,,,"0",,,"0",,,,,0,"11.4"
4,682227,"Williamson, Brandon",256,1.6,,,,,,,,,,,,2428,91,90.7,0,4,0,-0.29999999999999716,5.8,114,150,127,150,295,322,289,"0","0","75.8","7.7",,,,,,,,,,,1.955,0.765,-0.1825,0.0375,"94.5",173,,,,6.72,0.45,-0.3,2.76,,0,"0",,,"0",,,,,0,"43.3"
4,686730,"Spiers, Carson",1554,0.3,,,,,,,,,,,,2523,87.4,88.42,0,4,0,1,6.7,113,147,130,149,294,318,291,"0","0","72.0","7.4",,,,,,,,,,,2.485,0.47,-0.3225,0.0475,"88.9",103,,,,5.3,-1.66,0.59,2.17,,,"0",,,"0",,,,,0,"28.9"
4,674370,"Bido, Osvaldo",1056,0.4,,,,,,,,,,,,2202,86.3,86,0,4,0,-0.29999999999999716,6.13,103,144,126,149,297,322,297,"0","0","70.4","7.8",,,,,,,,,,,2.4425,0.6225,-0.05667,-0.07,"88.0",48,,,,5.88,-2.38,0.38,2.34,,,"0",,,"0",,,,,0,"34.7"
4,686973,"Varland, Louie",901,0.4,,,,,,,,,,,,2510,90.6,92.43,0,4,0,1.9000000000000057,7.03,104,149,123,148,298,323,293,"0","0","73.2","7.2",,,,,,,,,,,2.165,0.5825,-0.2575,-0.1425,"91.5",216,,,,5.51,-1.96,0.13,2.76,,,"0",,,"0",,,,,0,"37.9"
4,596133,"Weaver, Luke",1374,0.3,,,,,,,,,,,,2524,90.5,89.88,0,4,0,-0.5,5.9,102,153,121,150,289,317,291,"0","0","68.0","6.6",,,,,,,,,,,1.875,0.9125,-0.255,-0.255,"88.0",166,,,,5.76,-1.56,0.5,2.67,,0,"0",,,"0",,,,,0,"49.5"
4,605397,"Musgrove, Joe",1582,0.3,,,,,,,,,,,,2777,89.7,89.33,0,4,0,-0.4000000000000057,6,105,151,125,146,297,323,289,"0","0","64.5","7.0",,,,,,,,,,,2.475,0.3725,-0.23,-0.195,"88.0",225,,,,6.5,-1.29,0.56,2.78,,,"0",,,"0",,,,,0,"37.7"
4,624133,"Suárez, Ranger",2354,0.2,,,,,,,,,,,,2104,84.8,84.82,0,4,0,0,6.22,107,151,119,146,300,326,284,"0","0","70.6","7.2",,,,,,,,,,,2.72,0.44,-0.4075,0.4075,"88.0",188,,,,6,1.94,0.6,2.57,,,"0",,,"0",,,,,0,"41.6"
4,593423,"Montas, Frankie",2633,0.2,,,,,,,,,,,,2474,91.2,90.78,0,4,0,-0.4000000000000057,5.95,97,147,128,149,300,322,293,"0","0","66.1","7.8",,,,,,,,,,,2.23,0.5025,-0.1325,-0.0625,"89.2",193,,,,5.94,-1.03,0.13,2.02,,,"0",,,"0",,,,,0,"43.1"
4,676702,"Stratton, Hunter",587,0.7,,,,,,,,,,,,2655,93.8,93.9,0,4,0,0.10000000000000853,6.33,121,150,119,151,302,328,298,"0","0","62.4","5.9",,,,,,,,,,,1.58,1.0075,-0.2325,-0.0975,"88.0",230,,,,6.05,-1.16,0.25,3.38,,0,"0",,,"0",,,,,0,"39.9"
4,681799,"Roberts, Ethan",474,0.8,,,,,,,,,,,,2508,89.5,90.75,0,4,0,1.2999999999999972,6.47,108,150,126,152,297,331,300,"0","0","62.6","6.0",,,,,,,,,,,2.275,0.5175,-0.3525,0.1925,"88.0",141,,,,5.09,-2.12,0.14,2.74,,0,"0",,,"0",,,,,0,"30.6"
4,623211,"Brazobán, Huascar",899,0.4,,,,,,,,,,,,2274,86.8,85.13,0,4,0,-1.7000000000000028,5.47,97,137,120,138,300,323,293,"0","0","71.2","7.9",,,,,,,,,,,2.495,0.5575,0.17,0.02,"88.4",105,,,,5.81,-1.57,-0.15,2.25,,0,"0",,,"0",,,,,0,"38.3"
4,615698,"Quantrill, Cal",2643,0.2,,,,,,,,,,,,2122,88,88.7,0,4,0,0.7000000000000028,6.53,106,151,125,146,309,335,297,"0","0","71.0","7.1",,,,,,,,,,,2.62,0.3025,-0.1175,0.0075,"88.0",156,,,,6.32,-1.44,-0.13,2.21,,,"0",,,"0",,,,,0,"45.6"
4,543037,"Cole, Gerrit",1534,0.3,,,,,,,,,,,,2473,91.1,91.23,0,4,0,0.10000000000000853,6.2,121,149,124,153,292,326,298,"0","0","73.0","7.7",,,,,,,,,,,2.325,0.41,-0.3175,0.2175,"88.0",50,,,,5.96,-2.42,0.7,2.2,,,"0",,,"0",,,,,0,"39.0"
4,669461,"Liberatore, Matthew",1358,0.3,,,,,,,,,,,,2557,92.1,92.25,0,4,0,0.20000000000000284,6.28,101,129,103,125,307,319,299,"0","0","69.9","7.0",,,,,,,,,,,1.935,0.74,-0.095,0.07,"90.3",104,,,,6.43,0.75,-0.32,2.31,,,"0",,,"0",,,,,0,"44.6"
4,668909,"Williams, Gavin",1368,0.3,,,,,,,,,,,,2324,91.6,93.47,0,4,0,1.9000000000000057,7.15,105,139,128,142,298,331,304,"0","0","74.1","7.3",,,,,,,,,,,2.1975,0.4975,-0.2025,0.1075,"88.2",117,,,,5.73,-3.16,-0.12,2.43,,,"0",,,"0",,,,,0,"31.4"
4,663568,"Kolek, Stephen",797,0.5,,,,,,,,,,,,2367,92.1,92.25,0,4,0,0.20000000000000284,6.3,120,151,128,152,299,333,299,"0","0","67.5","7.1",,,,,,,,,,,2.225,0.4525,-0.22,-0.035,"88.6",54,,,,5.27,-1.81,0.82,2.5,,,"0",,,"0",,,,,0,"33.1"
4,682847,"Ortiz, Luis L.",2143,0.2,,,,,,,,,,,,2347,90.7,91.8,0,4,0,1.0999999999999943,6.75,114,146,123,149,310,325,297,"0","0","74.6","7.8",,,,,,,,,,,2.2625,0.4925,-0.1625,0.0825,"95.0",167,,,,4.98,-1.77,0.49,2.29,,,"0",,,"0",,,,,0,"23.3"
4,608723,"Voth, Austin",974,0.4,,,,,,,,,,,,2169,89.7,89.9,0,4,0,0.20000000000000284,6.35,122,151,129,149,300,322,291,"0","0","67.5","7.0",,,,,,,,,,,2.4025,0.4225,-0.155,-0.08,"88.0",137,,,,5.76,-2.37,0.64,2.38,,,"0",,,"0",,,,,0,"40.5"
4,592791,"Taillon, Jameson",2483,0.2,,,,,,,,,,,,2537,87.5,88.4,0,4,0,0.9000000000000057,6.6,107,149,123,154,293,326,306,"0","0","68.8","7.3",,,,,,,,,,,2.3425,0.605,-0.4925,0.4925,"89.9",192,,,,6.1,-1.52,0.11,2.8,,,"0",,,"0",,,,,0,"43.5"
4,593958,"Rodriguez, Eduardo",866,0.5,,,,,,,,,,,,2290,89.4,89.85,0,4,0,0.3999999999999915,6.45,112,152,126,149,312,323,295,"0","0","69.8","6.8",,,,,,,,,,,2.1175,0.72,-0.37,0.37,"88.0",172,,,,5.67,1.49,-0.37,2.48,,0,"0",,,"0",,,,,0,"36.6"
4,607067,"Rea, Colin",2650,0.2,,,,,,,,,,,,2249,88.7,89.35,0,4,0,0.5999999999999943,6.63,114,149,134,148,304,319,294,"0","0","68.0","7.0",,,,,,,,,,,2.2875,0.6075,-0.0175,-0.0425,"88.0",43,,,,5.54,-1.96,0.77,2.56,,0,"0",,,"0",,,,,0,"33.8"
4,671106,"Allen, Logan",1665,0.2,,,,,,,,,,,,2151,85.3,85.42,0,4,0,0.10000000000000853,6.3,97,150,130,148,299,321,298,"0","0","73.7","7.1",,,,,,,,,,,2.8725,0.2575,-0.39,-0.11,"90.3",137,,,,5.37,1.5,0.09,2.48,,,"0",,,"0",,,,,0,"44.3"
4,592155,"Booser, Cam",695,0.6,,,,,,,,,,,,2017,87.9,88.03,0,4,0,0.20000000000000284,6.28,103,153,128,143,290,321,293,"0","0","67.5","7.0",,,,,,,,,,,2.6075,0.3425,-0.27,0.205,"93.3",102,,,,5.63,2.71,-0.29,2.61,,,"0",,,"0",,,,,0,"36.3"
3,680736,"Wrobleski, Justin",592,0.5,,,,,,,,,,,,2347,89.4,87.8,0,3,0,-1.6000000000000085,5.03,118,153,128,148,306,318,297,"0","0","71.0","8.0",,,,,,,,,,,2.50667,0.31333,-0.24,0.24,"88.0",188,,,,5.69,1.86,-0.77,2.37,,,"0",,,"0",,,,,0,"41.9"
3,608344,"Irvin, Cole",1767,0.2,,,,,,,,,,,,2230,83.2,83.23,0,3,0,0,6.33,109,149,120,146,309,318,285,"0","0","72.6","7.2",,,,,,,,,,,3.16,0.14,-0.21333,0.21333,"88.0",161,,,,5.97,1.2,-0.1,2.25,,,"0",,,"0",,,,,0,"37.9"
3,663436,"Martin, Davis",892,0.3,,,,,,,,,,,,2660,89.1,90.1,0,3,0,1,6.57,95,144,120,145,297,328,299,"0","0","68.2","6.9",,,,,,,,,,,2.33333,0.50333,-0.25333,0.07333,"88.0",232,,,,5.88,-2.07,0.46,2.62,,,"0",,,"0",,,,,0,"37.2"
3,670167,"Schreiber, John",895,0.3,,,,,,,,,,,,2377,89.4,90.27,0,3,0,0.8999999999999915,6.6,113,149,123,152,285,324,302,"0","0","66.1","6.5",,,,,,,,,,,2.47667,0.36,0.01333,-0.01333,"91.3",118,,,,4.4,-2.68,0.32,2.78,,0,"0",,,"0",,,,,0,"13.4"
3,572020,"Paxton, James",1708,0.2,,,,,,,,,,,,1936,84.3,84.17,0,3,0,-0.09999999999999432,6.47,118,153,132,150,289,315,287,"0","0","61.7","6.9",,,,,,,,,,,3.08667,0.15333,-0.27333,0.00667,"88.0",202,,,,5.9,2.41,-0.51,2.47,,0,"0",,,"0",,,,,0,"39.4"
3,502624,"Anderson, Chase",1016,0.3,,,,,,,,,,,,2393,89.4,88.43,0,3,0,-1,5.8,109,146,135,151,284,329,303,"0","0","73.4","7.1",,,,,,,,,,,2.05,0.81333,-0.16667,-0.02,"92.2",112,,,,5.75,-1.15,0.99,2.84,,,"0",,,"0",,,,,0,"44.7"
3,666142,"Ragans, Cole",3118,0.1,,,,,,,,,,,,2475,91,91.17,0,3,0,0.20000000000000284,6.13,107,148,120,147,307,320,283,"0","0","63.3","6.3",,,,,,,,,,,2.08667,0.64,-0.05,0.05,"88.6",152,,,,6.24,1.58,-0.11,2.2,,,"0",,,"0",,,,,0,"43.4"
3,458677,"Wilson, Justin",816,0.4,,,,,,,,,,,,2257,91.5,91.87,0,3,0,0.4000000000000057,6.27,116,146,122,149,300,320,293,"0","0","70.8","7.2",,,,,,,,,,,1.78333,0.91667,-0.32,0.00667,"88.0",177,,,,6.26,1.36,-0.07,2.63,,,"0",,,"0",,,,,0,"49.1"
3,675989,"Bolton, Cody",312,1,,,,,,,,,,,,2673,88.4,88.9,0,3,0,0.5,6.33,120,148,130,149,291,327,296,"0","0","65.3","7.5",,,,,,,,,,,2.82667,0.06,-0.56667,0.1,"88.9",75,,,,5.37,-2.39,0.52,1.82,,,"0",,,"0",,,,,0,"32.4"
3,606965,"Devenski, Chris",533,0.6,,,,,,,,,,,,2271,85.9,85.8,0,3,0,-0.10000000000000853,6.33,87,150,119,142,299,328,303,"0","0","67.9","7.7",,,,,,,,,,,2.71667,0.39667,-0.33333,-0.33333,"88.0",113,,,,6.32,0.01,0.83,2.25,,,"0",,,"0",,,,,0,"40.8"
3,548389,"Stripling, Ross",1358,0.2,,,,,,,,,,,,2282,89.7,89.1,0,3,0,-0.6000000000000085,6.03,98,138,114,133,296,321,295,"0","0","72.3","7.4",,,,,,,,,,,1.99333,0.85667,-0.03667,-0.03667,"88.0",99,,,,6.76,-1.23,0.45,2.52,,,"0",,,"0",,,,,0,"60.8"
3,518585,"Cruz, Fernando",1138,0.3,,,,,,,,,,,,2379,89,90.1,0,3,0,1.0999999999999943,6.77,114,149,123,146,296,313,276,"0","0","70.5","7.1",,,,,,,,,,,2.18,0.67667,-0.45,-0.45,"88.2",233,,,,5.95,-1.22,0.26,2.78,,,"0",,,"0",,,,,0,"43.6"
3,572143,"Smith, Burch",896,0.3,,,,,,,,,,,,2267,86.5,87.2,0,3,0,0.7000000000000028,6.73,123,148,127,152,288,321,296,"0","0","68.9","7.0",,,,,,,,,,,2.88667,0.16333,-0.43333,0.43333,"89.2",94,,,,5.4,-2.54,0.44,1.84,,,"0",,,"0",,,,,0,"33.5"
3,663362,"Waldron, Matt",2450,0.1,,,,,,,,,,,,2250,88,89.13,0,3,0,1.0999999999999943,6.77,107,151,122,149,294,313,295,"0","0","67.2","7.9",,,,,,,,,,,2.02333,0.89333,-0.01333,-0.09333,"88.0",189,,,,5.54,-1.2,0.83,2.36,,,"0",,,"0",,,,,0,"29.3"
3,641941,"Pagán, Emilio",593,0.5,,,,,,,,,,,,2453,86.8,88.4,0,3,0,1.6000000000000085,7,98,146,129,147,305,320,287,"0","0","65.6","7.1",,,,,,,,,,,2.57667,0.42,-0.29,-0.15,"88.0",153,,,,5.54,-1.76,0.5,2.37,,,"0",,,"0",,,,,0,"43.1"
3,600917,"Leclerc, José",1204,0.2,,,,,,,,,,,,2661,90.4,88.87,0,3,0,-1.5,5.57,122,150,120,152,297,313,293,"0","0","70.0","7.5",,,,,,,,,,,2.28667,0.52333,-0.47667,0.16333,"92.2",198,,,,5.9,-1.59,0.68,2.25,,0,"0",,,"0",,,,,0,"39.3"
3,675627,"Grove, Michael",827,0.4,,,,,,,,,,,,2482,92.8,94.2,0,3,0,1.4000000000000057,6.93,113,147,138,152,289,312,300,"0","0","71.0","7.0",,,,,,,,,,,1.68333,0.94667,-0.39,0.39,"88.0",117,,,,5.92,-0.65,0.79,2.52,,,"0",,,"0",,,,,0,"57.0"
3,686580,"Slaten, Justin",811,0.4,,,,,,,,,,,,2529,92.1,92.73,0,3,0,0.6000000000000085,6.67,108,154,126,147,283,317,288,"0","0","71.7","7.6",,,,,,,,,,,2.16,0.53333,-0.45,-0.45,"88.0",141,,,,6.08,-0.66,0.21,2.51,,0,"0",,,"0",,,,,0,"55.2"
3,656876,"Rasmussen, Drew",459,0.7,,,,,,,,,,,,2773,89.8,90.23,0,3,0,0.4000000000000057,6.53,97,146,132,150,301,326,299,"0","0","64.7","7.7",,,,,,,,,,,3.06333,-0.23667,-0.31667,0.15667,"91.2",58,,,,5.84,-2.14,0.72,1.9,,,"0",,,"0",,,,,0,"52.2"
3,622098,"Smith, Drew",328,0.9,,,,,,,,,,,,2694,88.9,88.57,0,3,0,-0.30000000000001137,6.1,114,149,124,152,298,326,305,"0","0","68.3","7.5",,,,,,,,,,,2.49333,0.38667,-0.57667,0.05667,"91.8",115,,,,5.78,-2.31,0.08,2.24,,,"0",,,"0",,,,,0,"40.4"
2,640455,"Manaea, Sean",2996,0.1,,,,,,,,,,,,2003,88.2,89.7,0,2,0,1.5,7.25,121,150,122,150,285,324,298,"0","0","67.6","6.3",,,,,,,,,,,2.28,0.66,0.025,-0.355,"88.0",224,,,,5.49,2.63,0.14,3.22,,,"0",,,"0",,,,,0,"25.0"
2,681892,"Funderburk, Kody",652,0.3,,,,,,,,,,,,2302,93.2,95.3,0,2,0,2.0999999999999943,7.15,104,138,108,135,299,326,285,"0","0","76.0","7.5",,,,,,,,,,,1.81,0.78,-0.125,0.125,"88.0",200,,,,5.96,2.3,-0.09,1.9,,,"0",,,"0",,,,,0,"40.5"
2,608379,"Wacha, Michael",2602,0.1,,,,,,,,,,,,2091,90.7,91.95,0,2,0,1.2999999999999972,6.75,126,149,128,153,283,324,307,"0","0","64.8","6.4",,,,,,,,,,,1.82,0.92,0.075,-0.075,"88.0",197,,,,6.28,-1.92,0.32,2.68,,0,"0",,,"0",,,,,0,"46.9"
2,547179,"Lorenzen, Michael",2092,0.1,,,,,,,,,,,,2655,91.4,90.9,0,2,0,-0.3999999999999915,6,125,150,126,154,288,314,294,"0","0","68.2","7.0",,,,,,,,,,,2.015,0.715,-0.18,0.18,"88.0",108,,,,5.62,-1.6,0.03,1.9,,,"0",,,"0",,,,,0,"46.8"
2,656848,"Petersen, Michael",363,0.6,,,,,,,,,,,,2165,89.3,90,0,2,0,0.7000000000000028,6.6,125,149,148,154,272,316,291,"0","0","66.1","7.7",,,,,,,,,,,2.67,0.175,-0.175,0.175,"88.0",2,,,,6.16,-1.48,0.35,1.67,,0,"0",,,"0",,,,,0,"40.9"
2,681869,"Dubin, Shawn",840,0.2,,,,,,,,,,,,2777,89.5,90.2,0,2,0,0.7000000000000028,6.4,112,153,119,150,289,333,302,"0","0","71.7","6.9",,,,,,,,,,,2.455,0.355,-0.455,-0.455,"88.0",104,,,,5.59,-2.13,-0.45,2.72,,,"0",,,"0",,,,,0,"39.3"
2,642701,"Santana, Dennis",1106,0.2,,,,,,,,,,,,2440,89.2,89.15,0,2,0,0,6.15,121,152,118,149,288,321,275,"0","0","71.8","7.6",,,,,,,,,,,2.13,0.73,-0.17,-0.1,"96.1",282,,,,5.85,-2.32,0.62,1.94,,,"0",,,"0",,,,,0,"36.0"
2,621112,"Blackburn, Paul",1212,0.2,,,,,,,,,,,,2395,89.4,89.35,0,2,0,-0.10000000000000853,6.2,123,151,126,152,294,318,281,"0","0","70.7","6.2",,,,,,,,,,,1.98,0.86,-0.37,-0.09,"88.0",192,,,,6.16,-2.09,0.56,2.8,,,"0",,,"0",,,,,0,"47.6"
2,657697,"Nittoli, Vinny",178,1.1,,,,,,,,,,,,2522,87.6,88.85,0,2,0,1.2999999999999972,6.9,125,148,134,154,293,326,306,"0","0","70.2","7.0",,,,,,,,,,,1.975,0.98,-0.01,0.01,"88.0",91,,,,4.55,-3.1,-0.13,2.78,,,"0",,,"0",,,,,0,"13.3"
2,608371,"Sims, Lucas",885,0.2,,,,,,,,,,,,2775,91.5,91,0,2,0,-0.4000000000000057,5.7,120,152,135,152,290,322,300,"0","0","70.5","6.5",,,,,,,,,,,1.725,0.97,-0.335,-0.065,"88.0",181,,,,5.68,-1.38,0.15,2.82,,0,"0",,,"0",,,,,0,"37.0"
2,571882,"Law, Derek",1368,0.1,,,,,,,,,,,,2292,95.1,95.4,0,2,0,0.30000000000001137,6.4,117,149,128,150,290,317,296,"0","0","73.9","8.3",,,,,,,,,,,1.66,0.855,-0.175,0.025,"88.0",193,,,,6.41,-1.07,0.61,2.04,,0,"0",,,"0",,,,,0,"48.3"
2,607074,"Rodón, Carlos",3102,0.1,,,,,,,,,,,,2440,93.3,93.55,0,2,0,0.20000000000000284,6.1,105,148,114,151,295,321,283,"0","0","69.3","6.2",,,,,,,,,,,1.735,0.85,-0.205,0.205,"88.0",2,,,,6.2,2.1,-0.07,2.68,,,"0",,,"0",,,,,0,"45.6"
2,541640,"Ramírez, Erasmo",302,0.7,,,,,,,,,,,,2306,89.6,90.25,0,2,0,0.7000000000000028,6.75,105,154,120,149,306,319,296,"0","0","65.0","7.7",,,,,,,,,,,1.665,1.185,-0.07,-0.07,"88.0",104,,,,5.54,-2.17,1.07,2.25,,,"0",,,"0",,,,,0,"38.4"
2,622663,"Severino, Luis",2890,0.1,,,,,,,,,,,,2332,93.8,93.8,0,2,0,0,6.5,108,145,116,147,290,320,295,"0","0","68.7","7.1",,,,,,,,,,,1.915,0.695,-0.09,0.09,"88.0",93,,,,5.88,-1.92,0.57,2.53,,0,"0",,,"0",,,,,0,"43.8"
2,666818,"Frías, Luis",229,0.9,,,,,,,,,,,,2226,90.4,91.3,0,2,0,0.8999999999999915,6.75,101,127,106,132,297,316,294,"0","0",,,,,,,,,,,,,2.51,0.27,-0.3,0.23,"88.0",2,,,,6.45,-1.27,1,1.64,,,"0",,,"0",,,,,0,"49.6"
2,687330,"Kelly, Kevin",1033,0.2,,,,,,,,,,,,2392,88.9,90.5,0,2,0,1.5999999999999943,7.4,87,144,132,150,293,327,307,"0","0","70.2","6.5",,,,,,,,,,,2.24,0.66,-0.035,0.035,"88.0",87,,,,3.56,-1.91,0.78,3.25,,,"0",,,"0",,,,,0,"-0.8"
2,668964,"Myers, Tobias",2152,0.1,,,,,,,,,,,,2194,89.3,89.9,0,2,0,0.6000000000000085,6.5,108,147,126,147,301,324,296,"0","0","66.8","6.9",,,,,,,,,,,2.035,0.81,-0.32,0.14,"88.0",72,,,,5.88,-0.96,0.72,2.66,,,"0",,,"0",,,,,0,"57.9"
2,682610,"Muñoz, Roddery",1485,0.1,,,,,,,,,,,,2346,90.5,89.8,0,2,0,-0.7000000000000028,5.85,119,149,127,150,278,325,302,"0","0","69.4","7.4",,,,,,,,,,,2.075,0.715,0.035,-0.035,"88.0",12,,,,5.71,-1.47,0.6,2.12,,0,"0",,,"0",,,,,0,"38.7"
2,663423,"Thornton, Trent",1139,0.2,,,,,,,,,,,,2747,91,91.1,0,2,0,0.09999999999999432,6.05,124,150,137,154,277,320,293,"0","0","58.8","5.9",,,,,,,,,,,2.18,0.55,-0.43,0.43,"88.0",143,,,,5.28,-2.62,0.93,2.89,,0,"0",,,"0",,,,,0,"36.0"
2,656234,"Bird, Jake",684,0.3,,,,,,,,,,,,2498,90.8,90.65,0,2,0,-0.09999999999999432,5.9,123,152,122,150,301,324,297,"0","0","71.5","7.2",,,,,,,,,,,2.045,0.695,-0.11,-0.11,"88.0",222,,,,5.6,-2.26,0.37,3.05,,0,"0",,,"0",,,,,0,"28.5"
2,621244,"Berríos, José",2914,0.1,,,,,,,,,,,,2170,91.7,91.95,0,2,0,0.29999999999999716,6.35,120,151,124,151,302,326,290,"0","0","69.3","6.9",,,,,,,,,,,1.78,0.925,0.035,0.055,"90.1",123,,,,5.63,-1.91,1.33,2.44,,,"0",,,"0",,,,,0,"38.9"
2,669438,"Englert, Mason",365,0.5,,,,,,,,,,,,2258,87.6,87.35,0,2,0,-0.29999999999999716,5.95,105,148,119,146,291,319,288,"0","0","69.4","7.7",,,,,,,,,,,2.35,0.605,0.01,0.01,"88.0",195,,,,5.64,-1.94,-0.02,3.66,,,"0",,,"0",,,,,0,"35.1"
2,686563,"Cannon, Jonathan",2028,0.1,,,,,,,,,,,,2304,91.1,91,0,2,0,-0.09999999999999432,6.25,125,148,128,151,296,327,305,"0","0","69.3","6.9",,,,,,,,,,,2.085,0.665,0.17,-0.17,"94.3",83,,,,5.81,-2.12,0.55,2.52,,,"0",,,"0",,,,,0,"27.3"
2,678368,"Bellozo, Valente",1094,0.2,,,,,,,,,,,,2506,81.7,81.95,0,2,0,0.20000000000000284,6,107,145,132,151,303,331,307,"0","0","67.0","6.2",,,,,,,,,,,2.82,0.54,-0.715,0.715,"88.0",176,,,,5.96,-1.31,-0.32,2.95,,,"0",,,"0",,,,,0,"42.5"
2,605400,"Nola, Aaron",3189,0.1,,,,,,,,,,,,2327,87.5,88.75,0,2,0,1.2999999999999972,7.05,103,151,123,147,294,321,290,"0","0","75.9","7.7",,,,,,,,,,,2.255,0.72,0.065,0.065,"88.0",178,,,,4.98,-1.85,0.79,2.18,,,"0",,,"0",,,,,0,"20.1"
2,621389,"Blach, Ty",1133,0.2,,,,,,,,,,,,2414,82.9,81.8,0,2,0,-1.1000000000000085,5.2,105,148,127,148,289,329,298,"0","0","70.6","6.9",,,,,,,,,,,3.1,0.18,0.08,-0.12,"88.0",131,,,,5.79,3.21,0.21,2.44,,,"0",,,"0",,,,,0,"19.7"
2,453286,"Scherzer, Max",669,0.3,,,,,,,,,,,,2414,87.2,86.9,0,2,0,-0.29999999999999716,6,124,149,148,154,307,325,300,"0","0","73.6","7.8",,,,,,,,,,,2.51,0.485,-0.275,0.275,"92.9",272,,,,5.44,-3.19,0.24,2.94,,,"0",,,"0",,,,,0,"30.4"
2,592836,"Walker, Taijuan",1435,0.1,,,,,,,,,,,,2359,87.8,87.55,0,2,0,-0.29999999999999716,5.8,126,147,133,153,299,327,302,"0","0","76.6","7.8",,,,,,,,,,,1.975,0.95,0.12,-0.12,"92.5",303,,,,6.44,-2.16,-0.79,2.44,,0,"0",,,"0",,,,,0,"40.7"
2,657277,"Webb, Logan",3201,0.1,,,,,,,,,,,,2272,91.1,92.35,0,2,0,1.2000000000000028,6.75,120,150,129,154,289,328,303,"0","0","59.2","5.9",,,,,,,,,,,2.06,0.66,0.14,-0.14,"88.0",186,,,,5.03,-1.46,-0.2,3.02,,,"0",,,"0",,,,,0,"24.8"
2,543243,"Gray, Sonny",2483,0.1,,,,,,,,,,,,2746,86.5,87.6,0,2,0,1.0999999999999943,6.65,87,143,121,149,303,320,300,"0","0","69.0","6.5",,,,,,,,,,,3.12,-0.105,-0.595,-0.145,"88.0",145,,,,5.53,-0.65,0.68,2.71,,,"0",,,"0",,,,,0,"52.7"
2,519043,"Moore, Matt",854,0.2,,,,,,,,,,,,2285,88.7,88.4,0,2,0,-0.29999999999999716,5.9,122,148,118,144,294,313,302,"0","0","71.9","6.4",,,,,,,,,,,2.12,0.75,-0.08,-0.08,"89.1",156,,,,6.31,1.13,-0.07,2.88,,,"0",,,"0",,,,,0,"41.5"
2,670955,"Uceta, Edwin",672,0.3,,,,,,,,,,,,2569,90.6,90.45,0,2,0,-0.19999999999998863,6.25,105,150,117,147,304,329,296,"0","0","76.3","8.2",,,,,,,,,,,1.835,0.945,-0.06,-0.06,"88.0",44,,,,4.78,-1.75,0.67,2.22,,,"0",,,"0",,,,,0,"19.3"
2,674444,"Cruz, Steven",82,2.4,,,,,,,,,,,,2229,94.6,96,0,2,0,1.4000000000000057,7,126,148,123,153,292,332,316,"0","0","73.1","6.9",,,,,,,,,,,1.705,0.835,-0.085,0.085,"88.0",177,,,,5.55,-3.24,-0.13,2.54,,,"0",,,"0",,,,,0,"32.5"
2,680744,"Madden, Ty",403,0.5,,,,,,,,,,,,2478,88,88.3,0,2,0,0.29999999999999716,6.2,107,148,120,147,291,325,292,"0","0","66.3","6.9",,,,,,,,,,,2.53,0.385,-0.46,-0.04,"88.0",223,,,,5.58,-2.64,-0.7,3.18,,,"0",,,"0",,,,,0,"35.3"
2,805673,"Matthews, Zebby",717,0.3,,,,,,,,,,,,2388,91.5,92.3,0,2,0,0.7999999999999972,6.5,105,142,134,153,295,326,300,"0","0","72.8","7.4",,,,,,,,,,,1.94,0.76,-0.17,0.17,"95.3",4,,,,5.97,-2.08,0.24,1.85,,,"0",,,"0",,,,,0,"41.5"
2,677865,"Bruihl, Justin",99,2,,,,,,,,,,,,2443,88.4,89.95,0,2,0,1.5999999999999943,6.65,98,153,120,148,312,333,299,"0","0","73.9","7.7",,,,,,,,,,,2.335,0.515,-0.305,0.305,"96.7",235,,,,5.78,2.58,-0.81,2.24,,,"0",,,"0",,,,,0,"51.6"
2,601713,"Pivetta, Nick",2387,0.1,,,,,,,,,,,,2455,87.8,88.1,0,2,0,0.29999999999999716,6.65,121,149,133,150,287,313,294,"0","0","65.2","6.3",,,,,,,,,,,2.2,0.77,-0.46,-0.06,"88.0",93,,,,6.82,-1.58,0.21,3,,,"0",,,"0",,,,,0,"55.2"
2,694813,"Stone, Gavin",2152,0.1,,,,,,,,,,,,2327,94.6,95.3,0,2,0,0.7999999999999972,6.55,122,152,124,152,292,307,290,"0","0","59.2","6.6",,,,,,,,,,,1.355,1.18,0.14,0,"88.0",135,,,,5.42,-1.8,0.67,2.06,,,"0",,,"0",,,,,0,"46.8"
2,628317,"Maeda, Kenta",1958,0.1,,,,,,,,,,,,2327,84.5,83.9,0,2,0,-0.5999999999999943,5.85,111,152,121,144,294,320,302,"0","0","69.5","7.6",,,,,,,,,,,2.535,0.66,0.175,0.175,"88.0",82,,,,5.7,-2.02,0.76,1.79,,0,"0",,,"0",,,,,0,"39.0"
2,679156,"Pennington, Walter",330,0.6,,,,,,,,,,,,2250,88.7,87.95,0,2,0,-0.7999999999999972,5.9,104,133,106,125,291,309,289,"0","0","79.0","7.0",,,,,,,,,,,2.285,0.625,-0.185,0.185,"94.3",86,,,,5.83,3.19,-0.41,2.61,,,"0",,,"0",,,,,0,"29.9"
2,450203,"Morton, Charlie",2791,0.1,,,,,,,,,,,,1299,87.9,87.8,0,2,0,-0.10000000000000853,5.9,113,154,127,146,303,318,287,"0","0","68.9","7.1",,,,,,,,,,,2.35,0.565,0.02,0.02,"88.0",85,,,,5.54,-2.51,0.06,2.6,,,"0",,,"0",,,,,0,"20.0"
2,686752,"Pepiot, Ryan",2149,0.1,,,,,,,,,,,,2423,91.9,92.25,0,2,0,0.3999999999999915,6.5,103,138,125,151,291,332,305,"0","0","74.3","7.3",,,,,,,,,,,1.515,1.185,-0.02,0.02,"98.5",106,,,,5.93,-1.27,-0.05,2.98,,0,"0",,,"0",,,,,0,"41.1"
2,670046,"Rosenberg, Kenny",403,0.5,,,,,,,,,,,,2315,83.3,82.7,0,2,0,-0.5999999999999943,6,100,148,124,150,298,327,297,"0","0","69.0","6.7",,,,,,,,,,,3.335,-0.04,-0.195,-0.165,"88.0",148,,,,5.97,1.82,0.01,1.99,,,"0",,,"0",,,,,0,"46.0"
2,656354,"Davis, Austin",142,1.4,,,,,,,,,,,,2502,89,89.6,0,2,0,0.5999999999999943,6.3,101,126,105,131,291,314,296,"0","0","66.5","6.5",,,,,,,,,,,2.12,0.715,-0.27,-0.05,"88.0",95,,,,5.38,1.62,-0.28,2.33,,,"0",,,"0",,,,,0,"25.8"
2,663542,"Hudson, Bryan",927,0.2,,,,,,,,,,,,2142,85.2,86.9,0,2,0,1.7000000000000028,7.5,86,141,120,142,303,325,300,"0","0","69.2","7.4",,,,,,,,,,,2.795,0.365,0.195,0.025,"88.0",196,,,,5.03,3.46,-0.11,2.54,,0,"0",,,"0",,,,,0,"13.9"
2,594835,"Gonzales, Marco",546,0.4,,,,,,,,,,,,1919,85.4,86.25,0,2,0,0.8999999999999915,6.75,85,148,112,142,303,314,291,"0","0",,,,,,,,,,,,,2.42,0.695,0.2,-0.2,"95.3",156,,,,5.38,1.88,-0.7,1.98,,,"0",,,"0",,,,,0,"37.5"
1,493603,"Ottavino, Adam",1003,0.1,,,,,,,,,,,,2654,88.5,89.9,0,1,0,1.4000000000000057,6.8,116,153,128,149,306,325,292,"0","0","74.2","7.6",,,,,,,,,,,2.31,0.57,-0.67,-0.67,,,,,,5.48,-2.68,0.21,2.8,,0,"0",,,"0",,,,,0,"29.1"
1,608331,"Fried, Max",2762,0,,,,,,,,,,,,2593,87.7,88.1,0,1,0,0.3999999999999915,6.3,130,150,145,154,308,322,302,"0","0","73.2","7.6",,,,,,,,,,,3.2,-0.26,-0.22,-0.22,,,,,,6.01,1.33,0.04,1.42,,0,"0",,,"0",,,,,0,"44.2"
1,543056,"Coulombe, Danny",466,0.2,,,,,,,,,,,,2686,86,85.1,0,1,0,-0.9000000000000057,5.7,119,154,123,148,320,324,288,"0","0",,,,,,,,,,,,,2.99,0.1,-0.55,0.55,"88.0",2,,,,6.15,-0.53,-1.38,3.27,,,"0",,,"0",,,,,0,"56.5"
1,572955,"Johnson, Pierce",916,0.1,,,,,,,,,,,,2522,91.7,91.4,0,1,0,-0.29999999999999716,5.9,88,151,119,144,302,324,298,"0","0","66.8","7.5",,,,,,,,,,,1.92,0.77,-0.11,-0.11,"88.0",8,,,,5.93,-2.31,-0.23,2.43,,,"0",,,"0",,,,,0,"33.7"
1,686826,"Jarvis, Bryce",1006,0.1,,,,,,,,,,,,2452,90,89.5,0,1,0,-0.5,5.9,87,139,132,148,302,332,294,"0","0","78.2","6.9",,,,,,,,,,,2.63,0.18,-0.01,0.01,"88.5",268,,,,5.68,-2.29,-0.59,2.44,,,"0",,,"0",,,,,0,"36.8"
1,686796,"Walston, Blake",343,0.3,,,,,,,,,,,,2244,86.9,87.2,0,1,0,0.29999999999999716,6.3,118,153,127,149,311,328,296,"0","0","77.8","7.5",,,,,,,,,,,2.21,0.79,-0.16,0.16,,,,,,5.98,2.62,-0.22,2.84,,0,"0",,,"0",,,,,0,"33.6"
1,681676,"Fernandez, Ryan",1191,0.1,,,,,,,,,,,,2328,94.1,94.8,0,1,0,0.7000000000000028,6.7,126,149,128,154,297,331,306,"0","0","72.0","7.8",,,,,,,,,,,1.59,0.98,-0.29,0.29,,,,,,5.57,-2.38,1.32,2.14,,0,"0",,,"0",,,,,0,"45.7"
1,669387,"Mlodzinski, Carmen",866,0.1,,,,,,,,,,,,2354,91.5,91.9,0,1,0,0.4000000000000057,6.6,127,148,112,154,275,318,294,"0","0","66.8","6.0",,,,,,,,,,,2.15,0.57,-0.23,0.23,"88.0",183,,,,4.81,-2.67,-0.08,3.12,,,"0",,,"0",,,,,0,"24.1"
1,670059,"Holderman, Colin",869,0.1,,,,,,,,,,,,2492,94,94.8,0,1,0,0.7999999999999972,6.5,128,148,131,154,303,326,304,"0","0","69.5","6.0",,,,,,,,,,,1.91,0.65,-0.26,0.26,"88.0",137,,,,5.72,-1.88,-0.25,3.41,,,"0",,,"0",,,,,0,"29.7"
1,647315,"Pop, Zach",744,0.1,,,,,,,,,,,,2261,94.5,94.8,0,1,0,0.29999999999999716,6.4,87,148,108,154,282,315,306,"0","0","65.7","5.6",,,,,,,,,,,1.75,0.79,0.14,-0.14,"88.0",3,,,,5.15,-2.14,0.49,2.86,,,"0",,,"0",,,,,0,"27.6"
1,543766,"Shaw, Bryan",95,1.1,,,,,,,,,,,,2349,92.9,93.2,0,1,0,0.29999999999999716,6.2,118,150,123,149,296,319,295,"0","0","73.2","8.0",,,,,,,,,,,1.69,0.92,-0.08,-0.08,"89.6",210,,,,5.93,-2.79,0.06,1.86,,,"0",,,"0",,,,,0,"40.7"
1,571863,"Koch, Matt",23,4.3,,,,,,,,,,,,2212,87,86.9,0,1,0,-0.09999999999999432,6.1,124,147,120,152,286,325,300,"0","0","67.8","7.2",,,,,,,,,,,2.63,0.37,-0.54,0.54,"88.0",161,,,,5.66,-2.74,-0.03,2.94,,,"0",,,"0",,,,,0,"37.3"
1,663893,"Little, Brendon",696,0.1,,,,,,,,,,,,2095,93.6,93,0,1,0,-0.5999999999999943,5.8,86,144,121,151,302,316,279,"0","0","72.9","6.7",,,,,,,,,,,2.16,0.43,0.1,-0.1,"96.4",3,,,,6.2,1.68,-0.98,1.83,,,"0",,,"0",,,,,0,"37.6"
1,687362,"Gillispie, Connor",138,0.7,,,,,,,,,,,,2495,89.2,89.6,0,1,0,0.3999999999999915,6.3,113,153,132,150,304,324,283,"0","0","64.4","6.4",,,,,,,,,,,1.74,1.1,-0.09,-0.09,"94.4",313,,,,5.4,-1.98,0.65,3.32,,,"0",,,"0",,,,,0,"40.0"
1,548384,"Raley, Brooks",119,0.8,,,,,,,,,,,,2439,84.4,83.9,0,1,0,-0.5,5.8,128,148,129,154,289,312,309,"0","0","61.7","5.6",,,,,,,,,,,2.85,0.32,-0.45,-0.45,"88.0",92,,,,5.67,2.98,0.42,2.9,,,"0",,,"0",,,,,0,"30.9"
1,808967,"Yamamoto, Yoshinobu",1469,0.1,,,,,,,,,,,,2545,90.6,91.4,0,1,0,0.8000000000000114,6.5,118,154,130,150,307,328,298,"0","0","76.2","7.8",,,,,,,,,,,2.31,0.44,-0.44,-0.44,"88.0",200,,,,5.38,-1.28,0.7,1.33,,,"0",,,"0",,,,,0,"40.3"
1,666208,"Speas, Alex",39,2.6,,,,,,,,,,,,2800,92,92.2,0,1,0,0.20000000000000284,6.5,111,155,118,145,282,319,294,"0","0","75.6","8.6",,,,,,,,,,,2.62,0.08,-0.36,-0.36,,,,,,6.24,-1.67,1.41,1.85,,0,"0",,,"0",,,,,0,"40.0"
1,666129,"Garrett, Braxton",588,0.2,,,,,,,,,,,,2380,86.3,86.6,0,1,0,0.29999999999999716,6.8,108,154,124,145,305,316,297,"0","0","67.4","6.5",,,,,,,,,,,3.19,-0.09,-0.27,0.27,"88.0",184,,,,5.92,2.59,0.48,3.05,,,"0",,,"0",,,,,0,"43.3"
1,669923,"Kirby, George",2967,0,,,,,,,,,,,,2386,92.4,93.2,0,1,0,0.7999999999999972,6.4,108,154,124,148,294,326,295,"0","0","64.7","7.1",,,,,,,,,,,1.93,0.7,-0.01,-0.01,"88.0",216,,,,5.93,-1.81,1.18,2.47,,,"0",,,"0",,,,,0,"42.6"
1,670241,"Vines, Darius",257,0.4,,,,,,,,,,,,2142,84.2,83.8,0,1,0,-0.4000000000000057,6.3,113,154,127,148,288,322,284,"0","0","61.8","8.4",,,,,,,,,,,2.69,0.55,-0.02,-0.02,"88.0",1,,,,5.92,-0.93,1.26,2.17,,,"0",,,"0",,,,,0,"45.9"
1,641712,"Hudson, Dakota",1512,0.1,,,,,,,,,,,,2723,86.8,86.9,0,1,0,0.10000000000000853,6.4,119,148,130,142,306,337,308,"0","0","74.7","7.6",,,,,,,,,,,3.04,-0.01,-0.09,-0.09,"88.0",163,,,,5.88,-2.83,0.93,1.94,,,"0",,,"0",,,,,0,"29.9"
1,656605,"Keller, Mitch",2851,0,,,,,,,,,,,,2506,88.9,89.6,0,1,0,0.6999999999999886,6.4,88,144,114,141,311,319,277,"0","0","72.0","6.5",,,,,,,,,,,2.41,0.45,-0.19,-0.19,"88.0",225,,,,5.86,-2.01,-0.03,2.81,,,"0",,,"0",,,,,0,"39.8"
1,518489,"Brasier, Ryan",374,0.3,,,,,,,,,,,,2326,89.4,90.7,0,1,0,1.2999999999999972,6.9,86,144,142,154,296,323,308,"0","0","76.7","5.9",,,,,,,,,,,2.15,0.68,-0.12,0.12,,,,,,5.79,-1.54,-0.05,3.05,,0,"0",,,"0",,,,,0,"39.8"
1,592779,"Stewart, Brock",268,0.4,,,,,,,,,,,,2430,94.6,94.8,0,1,0,0.20000000000000284,6.4,118,146,128,154,283,308,282,"0","0","60.1","6.2",,,,,,,,,,,1.67,0.87,-0.22,0.22,"88.0",202,,,,5.32,-2.02,1.28,2.66,,,"0",,,"0",,,,,0,"26.2"
1,681810,"Warren, Austin",173,0.6,,,,,,,,,,,,2508,89.6,89.4,0,1,0,-0.19999999999998863,6.2,124,151,130,152,252,317,309,"0","0","60.8","5.9",,,,,,,,,,,2.33,0.52,-0.18,0.18,"88.0",32,,,,5.11,-2.07,1.36,2.4,,,"0",,,"0",,,,,0,"30.7"
1,643410,"Leiter Jr., Mark",1015,0.1,,,,,,,,,,,,2160,88.4,89.2,0,1,0,0.7999999999999972,6.7,128,149,107,150,278,318,305,"0","0","65.9","6.2",,,,,,,,,,,2.39,0.51,-0.41,0.41,"88.0",223,,,,5.82,-1.7,-0.82,2.75,,,"0",,,"0",,,,,0,"46.0"
1,668873,"Kilian, Caleb",167,0.6,,,,,,,,,,,,2106,87.5,88.5,0,1,0,1,6.6,88,153,124,146,300,328,282,"0","0","57.2","5.1",,,,,,,,,,,2.79,0.15,-0.43,-0.43,"88.0",116,,,,6.23,-0.72,-1.09,3.01,,,"0",,,"0",,,,,0,"52.8"
1,664948,"Misiewicz, Anthony",30,3.3,,,,,,,,,,,,2217,89.1,88.7,0,1,0,-0.3999999999999915,6.1,110,153,120,151,300,321,284,"0","0","74.6","7.9",,,,,,,,,,,2.2,0.68,-0.62,0.62,"88.0",204,,,,6.17,0.31,-0.4,3.55,,,"0",,,"0",,,,,0,"55.1"
1,624522,"Thompson, Keegan",538,0.2,,,,,,,,,,,,2738,89.5,89.5,0,1,0,0,6.2,112,153,122,150,316,323,285,"0","0","73.2","8.4",,,,,,,,,,,2.6,0.23,-0.57,-0.57,"88.0",201,,,,5.85,-2.38,1.11,2.84,,,"0",,,"0",,,,,0,"38.7"
1,692230,"Rodriguez, Carlos",233,0.4,,,,,,,,,,,,2240,87.7,88.1,0,1,0,0.3999999999999915,6.4,116,155,134,148,306,327,313,"0","0","70.4","7.1",,,,,,,,,,,2.6,0.35,-0.4,-0.4,"88.0",228,,,,5.76,-1.35,0.19,2.09,,,"0",,,"0",,,,,0,"34.5"
1,686294,"Willingham, Amos",20,5,,,,,,,,,,,,2166,94.5,95.4,0,1,0,0.9000000000000057,6.7,129,144,117,146,305,331,311,"0","0","71.7","7.5",,,,,,,,,,,1.89,0.65,,,"88.0",1,,,,5.87,-1.91,-0.39,2.52,,,"0",,,"0",,,,,0,"46.6"
1,676614,"Sammons, Bryan",374,0.3,,,,,,,,,,,,2187,87.4,87.9,0,1,0,0.5,6.5,112,154,125,151,300,329,294,"0","0","44.1","6.4",,,,,,,,,,,2.33,0.64,0.15,-0.15,"88.0",152,,,,5.5,2.25,0.74,1.74,,,"0",,,"0",,,,,0,"34.0"
1,671131,"Rutledge, Jackson",139,0.7,,,,,,,,,,,,2199,88,88.4,0,1,0,0.4000000000000057,6.2,129,149,121,154,306,322,304,"0","0","77.1","7.3",,,,,,,,,,,2.64,0.27,-0.23,0.23,"88.0",192,,,,6.13,-1.8,0.21,2.57,,,"0",,,"0",,,,,0,"38.5"
1,701643,"Hartwig, Grant",118,0.8,,,,,,,,,,,,2172,93,92.5,0,1,0,-0.5,5.8,112,153,125,150,300,315,290,"0","0","59.3","5.7",,,,,,,,,,,2.01,0.6,0.26,0.26,"88.0",244,,,,4.96,-1.53,0.27,3.19,,,"0",,,"0",,,,,0,"16.9"
1,664350,"Sánchez, Sixto",621,0.2,,,,,,,,,,,,2343,85.5,85,0,1,0,-0.5,6,86,140,122,146,296,312,300,"0","0","65.2","6.8",,,,,,,,,,,2.99,0.13,-0.77,0.77,"88.0",257,,,,5.73,-2.57,-0.74,2.77,,,"0",,,"0",,,,,0,"30.4"
1,605182,"Clevinger, Mike",303,0.3,,,,,,,,,,,,2458,84.6,84.3,0,1,0,-0.29999999999999716,6.3,129,147,123,154,282,322,297,"0","0","68.1","8.2",,,,,,,,,,,3.29,-0.08,-0.42,0.42,"88.0",1,,,,5.92,-1.77,-0.65,1.09,,,"0",,,"0",,,,,0,"43.7"
1,664129,"Hartlieb, Geoff",138,0.7,,,,,,,,,,,,2728,91.6,92.9,0,1,0,1.3000000000000114,6.4,120,151,130,148,319,334,285,"0","0","68.8","7.8",,,,,,,,,,,2.08,0.57,-0.11,-0.11,"88.0",232,,,,6.06,-2.86,-0.26,2.79,,,"0",,,"0",,,,,0,"37.5"
1,687014,"Avila, Nick",225,0.4,,,,,,,,,,,,2351,85.6,85.7,0,1,0,0.10000000000000853,6.3,116,154,131,149,301,333,288,"0","0","73.1","8.6",,,,,,,,,,,3.14,-0.03,-0.38,-0.38,"88.0",5,,,,6.02,-1.2,0.27,2.49,,,"0",,,"0",,,,,0,"52.3"
1,672391,"Ort, Kaleb",366,0.3,,,,,,,,,,,,2377,92.8,92.8,0,1,0,0,6.3,121,145,131,153,287,333,307,"0","0","73.2","8.6",,,,,,,,,,,1.32,1.33,0.08,-0.08,"88.0",201,,,,5.96,-2.59,-0.09,2.73,,,"0",,,"0",,,,,0,"42.1"
1,621053,"Ferguson, Tyler",819,0.1,,,,,,,,,,,,2435,89.8,89.7,0,1,0,-0.09999999999999432,6,126,150,127,154,294,318,295,"0","0","72.7","7.2",,,,,,,,,,,2.21,0.59,-0.11,0.11,"88.0",78,,,,5.79,-3.73,-0.12,2.06,,,"0",,,"0",,,,,0,"28.8"
1,670036,"Festa, Matt",385,0.3,,,,,,,,,,,,2456,88.8,89.8,0,1,0,1,6.7,116,154,117,148,296,326,302,"0","0","68.2","6.3",,,,,,,,,,,2.3,0.57,-0.46,-0.46,"88.0",270,,,,4.82,-2.13,-0.17,3.08,,,"0",,,"0",,,,,0,"31.6"
1,489119,"Miley, Wade",118,0.8,,,,,,,,,,,,2287,87,87.4,0,1,0,0.4000000000000057,6.2,87,146,111,139,306,309,293,"0","0","71.3","7.3",,,,,,,,,,,2.39,0.59,-0.29,0.29,"98.2",11,,,,6.27,1.71,-1,3.31,,,"0",,,"0",,,,,0,"53.6"
1,657585,"Garrett, Reed",980,0.1,,,,,,,,,,,,2410,88.8,87.7,0,1,0,-1.0999999999999943,5.9,127,148,116,153,284,315,291,"0","0","65.7","7.3",,,,,,,,,,,2.61,0.31,-0.24,0.24,"88.0",6,,,,5.49,-2.23,0.2,1.47,,,"0",,,"0",,,,,0,"38.6"
1,622694,"Hernández, Elieser",251,0.4,,,,,,,,,,,,2200,81.8,82,0,1,0,0.20000000000000284,6.2,123,148,145,154,292,319,299,"0","0","74.4","7.4",,,,,,,,,,,3.2,0.19,-0.72,0.72,"88.0",141,,,,5.3,-2.13,0.81,2.52,,,"0",,,"0",,,,,0,"40.8"
1,663765,"Woodford, Jake",618,0.2,,,,,,,,,,,,2075,87.9,88.5,0,1,0,0.5999999999999943,6.6,123,149,133,153,306,327,310,"0","0","70.1","7.9",,,,,,,,,,,2.41,0.53,-0.12,0.12,"88.1",5,,,,5.29,-2.25,0.92,1.3,,,"0",,,"0",,,,,0,"30.9"
1,571527,"Buchanan, David",58,1.7,,,,,,,,,,,,2235,89.7,89,0,1,0,-0.7000000000000028,5.8,123,149,124,151,281,317,296,"0","0","61.3","5.6",,,,,,,,,,,2.23,0.58,-0.03,0.03,"88.0",1,,,,6.26,-2.17,0.32,2.36,,,"0",,,"0",,,,,0,"54.4"
1,656731,"Megill, Tylor",1365,0.1,,,,,,,,,,,,2214,86.8,88.4,0,1,0,1.6000000000000085,7.2,86,149,119,150,300,322,290,"0","0","68.2","7.5",,,,,,,,,,,2.62,0.39,-0.2,-0.2,"88.0",190,,,,5.8,-1.51,0.47,2.59,,,"0",,,"0",,,,,0,"34.2"
1,571539,"Carasiti, Matt",170,0.6,,,,,,,,,,,,2011,87.9,88.3,0,1,0,0.3999999999999915,6.6,116,153,129,147,291,325,294,"0","0","73.0","7.8",,,,,,,,,,,2.1,0.86,-0.4,-0.4,,,,,,5.84,-1.36,0.67,2.8,,0,"0",,,"0",,,,,0,"35.1"
1,663546,"Hjelle, Sean",1209,0.1,,,,,,,,,,,,2189,91.7,92.4,0,1,0,0.7000000000000028,6.6,125,149,135,153,305,328,308,"0","0","74.1","7.7",,,,,,,,,,,2.04,0.66,0.4,-0.4,,,,,,6.39,-1.47,0.54,2.83,,0,"0",,,"0",,,,,0,"25.3"
1,686642,"Ellard, Fraser",432,0.2,,,,,,,,,,,,2432,93,92.4,0,1,0,-0.5999999999999943,5.9,86,154,125,148,297,326,289,"0","0","76.8","8.4",,,,,,,,,,,2.3,0.32,0.09,-0.09,"100.3",43,,,,5.75,2.98,-0.29,2.39,,,"0",,,"0",,,,,0,"29.4"
1,689672,"Thorpe, Drew",721,0.1,,,,,,,,,,,,2351,85,85.1,0,1,0,0.09999999999999432,6.3,129,148,132,155,291,325,295,"0","0","64.7","6.2",,,,,,,,,,,2.61,0.54,-0.19,0.19,,,,,,6.21,-1.07,-0.21,3.02,,0,"0",,,"0",,,,,0,"50.2"
1,671109,"Eder, Jake",45,2.2,,,,,,,,,,,,2214,86,86.6,0,1,0,0.5999999999999943,6.5,87,154,127,144,307,335,299,"0","0","67.1","6.4",,,,,,,,,,,2.94,0.12,-0.3,0.3,,,,,,5.71,1.62,-0.06,3.38,,0,"0",,,"0",,,,,0,"35.0"
1,687424,"Maldonado, Anthony",297,0.3,,,,,,,,,,,,2506,91.9,91.2,0,1,0,-0.7000000000000028,5.9,94,110,86,108,269,313,292,"0","0","71.4","7.3",,,,,,,,,,,1.91,0.79,0.27,-0.27,"94.5",13,,,,6.16,-2.66,0.55,2.89,,,"0",,,"0",,,,,0,"29.7"
1,677161,"Kelly, Zack",957,0.1,,,,,,,,,,,,2532,90.6,92.4,0,1,0,1.8000000000000114,7,115,154,125,148,305,322,299,"0","0","61.9","5.6",,,,,,,,,,,2.33,0.41,-0.13,-0.13,"88.0",186,,,,5.56,-3.31,-0.74,3.17,,,"0",,,"0",,,,,0,"40.7"
1,666171,"Zeferjahn, Ryan",208,0.5,,,,,,,,,,,,2453,94,94.7,0,1,0,0.7000000000000028,6.5,112,154,119,149,294,330,289,"0","0","73.5","6.7",,,,,,,,,,,2.32,0.25,-0.37,-0.37,"88.0",208,,,,6.1,-2.25,0.17,2.34,,,"0",,,"0",,,,,0,"41.8"
1,669620,"Basso, Brady",350,0.3,,,,,,,,,,,,2288,86.9,88,0,1,0,1.0999999999999943,6.5,121,148,142,153,289,324,302,"0","0","69.1","7.3",,,,,,,,,,,2.57,0.39,-0.38,-0.38,"88.0",,,,,6.58,2.25,-0.78,1.11,,,"0",,,"0",,,,,0,"54.7"
1,506433,"Darvish, Yu",1261,0.1,,,,,,,,,,,,2499,91.2,92.1,0,1,0,0.8999999999999915,6.6,86,131,126,147,305,338,295,"0","0","73.1","7.4",,,,,,,,,,,1.99,0.73,0.26,-0.26,"88.0",7,,,,5.56,-1.87,0.67,2.28,,,"0",,,"0",,,,,0,"37.4"
1,605121,"Anderson, Justin",945,0.1,,,,,,,,,,,,2583,94,94.8,0,1,0,0.7999999999999972,6.7,126,149,128,154,275,316,295,"0","0",,,,,,,,,,,,,1.92,0.66,0.09,-0.09,"99.4",382,,,,5.71,-2.72,0.76,2.06,,,"0",,,"0",,,,,0,"35.1"
1,700241,"McGreevy, Michael",311,0.3,,,,,,,,,,,,2197,88.6,89.6,0,1,0,1,6.5,87,148,130,149,293,336,296,"0","0","66.6","6.5",,,,,,,,,,,2.21,0.65,-0.24,0.24,"88.0",97,,,,5.79,-2.37,0.59,3.03,,,"0",,,"0",,,,,0,"35.5"
1,528748,"Castellanos, Humberto",186,0.5,,,,,,,,,,,,1926,86.7,86.7,0,1,0,0,6.2,124,148,141,152,277,303,300,"0","0","72.1","6.9",,,,,,,,,,,2.44,0.57,0.08,-0.08,"88.0",187,,,,4.7,-2.59,0.4,2.62,,,"0",,,"0",,,,,0,"22.9"
1,700249,"Povich, Cade",1389,0.1,,,,,,,,,,,,2557,88.5,88.7,0,1,0,0.20000000000000284,6.2,108,153,126,148,314,330,303,"0","0","68.5","7.6",,,,,,,,,,,2.2,0.68,-0.32,0.32,"88.0",2,,,,5.73,2.14,-0.53,2.22,,,"0",,,"0",,,,,0,"41.1"
1,663465,"Allard, Kolby",436,0.2,,,,,,,,,,,,1896,82.8,82.8,0,1,0,0,6.3,108,152,123,144,302,328,289,"0","0","80.4","7.2",,,,,,,,,,,3.02,0.3,-0.44,0.44,"104.5",396,,,,5.66,1.61,-1.21,2.25,,,"0",,,"0",,,,,0,"53.3"