City ID,City,Lat,Lng,Max Temp,Humidity,Cloudiness,Wind Speed,Country,Date
0,ushuaia,-54.8,-68.3,9.81,66,0,8.23,AR,1701992274
1,taunggyi,20.7833,97.0333,14.32,98,52,2.08,MM,1701992499
2,mpanda,-6.3655,31.0409,19.02,96,64,0.54,TZ,1701992500
3,badger,64.8,-147.5333,-18.05,76,75,2.06,US,1701992500
4,fortuna,40.5982,-124.1573,11.07,92,75,3.09,US,1701992463
5,waitangi,-43.9535,-176.5597,14.34,66,94,7.8,NZ,1701992368
6,weno,7.4515,151.8468,27.97,83,100,5.14,FM,1701992500
7,udachny,66.4167,112.4,-27.53,75,100,1.19,RU,1701992455
8,nova vicosa,-17.8919,-39.3719,25.12,83,4,5.16,BR,1701992500
9,georgetown,5.4112,100.3354,25.96,95,20,1.03,MY,1701992500
10,ribeira grande,38.5167,-28.7,19.32,96,100,9.83,PT,1701992390
11,terbanggi besar,-4.8667,105.2333,25.27,84,100,3.33,ID,1701992501
12,port-aux-francais,-49.35,70.2167,4.33,99,92,14.22,TF,1701992501
13,margate,51.3813,1.3862,8.83,94,100,5.36,GB,1701992251
14,bethel,41.3712,-73.414,2.17,81,100,1.54,US,1701992385
15,kruisfontein,-34.0033,24.7314,15.49,66,0,4.08,ZA,1701992501
16,grytviken,-54.2811,-36.5092,-1.15,92,56,4.68,GS,1701992501
17,olonkinbyen,70.9221,-8.7187,-2.54,80,20,5.63,SJ,1701992501
18,bhamo,24.2667,97.2333,18.76,100,100,0.92,MM,1701992502
19,aberdeen,57.1437,-2.0981,7.27,92,100,9.77,GB,1701992502
20,stanley,54.868,-1.6985,4.6,96,75,5.66,GB,1701992502
21,susuman,62.7833,148.1667,-28.9,97,100,0.89,RU,1701992502
22,puerto natales,-51.7236,-72.4875,12.37,75,76,2.25,CL,1701992502
23,chernyshevskiy,63.0128,112.4714,-35.0,99,97,0.47,RU,1701992502
24,tindouf,27.6711,-8.1474,17.25,51,40,2.06,DZ,1701992502
25,avarua,-21.2078,-159.775,27.03,61,40,5.66,CK,1701992404
26,mossel bay,-34.1831,22.146,19.03,78,0,7.09,ZA,1701992503
27,malango,-2.9627,119.9001,22.83,98,100,0.81,ID,1701992503
28,port mathurin,-19.6833,63.4167,25.78,76,2,3.5,MU,1701992503
29,adamstown,-25.066,-130.1015,22.97,79,38,5.69,PN,1701992400
30,khrenovoye,51.12,40.2889,-7.72,88,43,5.22,RU,1701992503
31,cabedelo,-6.9811,-34.8339,27.37,78,78,4.44,BR,1701992503
32,lompoc,34.6391,-120.4579,19.45,64,0,11.32,US,1701992504
33,bilibino,68.0546,166.4372,-37.09,100,71,1.01,RU,1701992504
34,puerto deseado,-47.7503,-65.8938,10.84,67,1,5.12,AR,1701992504
35,albany,42.6001,-73.9662,-1.7,88,91,0.48,US,1701992374
36,kingston,17.997,-76.7936,29.53,72,20,3.6,JM,1701992504
37,mount pearl,47.5166,-52.7813,-1.59,85,75,10.8,CA,1701992504
38,vikindu,-7.0067,39.2985,23.9,95,80,1.22,TZ,1701992504
39,san pedro pochutla,15.7333,-96.4667,25.18,71,4,2.08,MX,1701992504
40,warrnambool,-38.3833,142.4833,26.74,47,100,9.04,AU,1701992432
41,siocon,7.7061,122.1353,27.46,79,59,2.87,PH,1701992505
42,tura,25.5198,90.2201,15.82,95,100,3.49,IN,1701992505
43,tandil,-37.3217,-59.1332,15.94,69,60,3.23,AR,1701992505
44,port elizabeth,-33.918,25.5701,18.16,94,0,3.6,ZA,1701992505
45,wailua homesteads,22.0669,-159.378,26.59,72,75,5.14,US,1701992505
46,ust-nera,64.5667,143.2,-29.72,90,100,1.58,RU,1701992505
47,yellowknife,62.456,-114.3525,-10.71,92,100,3.6,CA,1701992506
48,puerto ayora,-0.7393,-90.3518,24.19,94,99,1.79,EC,1701992390
49,tiksi,71.6872,128.8694,-34.49,100,84,2.24,RU,1701992506
50,talnakh,69.4865,88.3972,-33.43,87,19,1.59,RU,1701992506
51,tera,14.0078,0.7531,23.89,12,85,3.75,NE,1701992506
52,nar'yan-mar,67.6713,53.087,-14.38,96,100,3.58,RU,1701992506
53,bredasdorp,-34.5322,20.0403,18.16,78,0,3.64,ZA,1701992506
54,enewetak,11.3474,162.3373,27.83,79,90,9.0,MH,1701992507
55,necochea,-38.5473,-58.7368,12.14,73,1,3.84,AR,1701992507
56,whitehorse,60.7161,-135.0538,-2.77,85,75,6.71,CA,1701992409
57,hailey,43.5196,-114.3153,2.92,52,75,1.54,US,1701992507
58,yeed,4.55,43.0333,26.03,42,6,3.25,SO,1701992507
59,wenxing,28.6667,112.8833,13.51,50,56,5.59,CN,1701992507
60,ilulissat,69.2167,-51.1,-3.99,68,100,0.51,GL,1701992507
61,tulu bolo,8.6667,38.2167,13.88,47,82,1.5,ET,1701992508
62,alta,69.9689,23.2717,-7.41,75,78,7.2,NO,1701992508
63,longyearbyen,78.2186,15.6401,-2.09,74,40,8.23,SJ,1701992491
64,edinburgh of the seven seas,-37.0676,-12.3116,14.93,84,99,7.22,SH,1701992508
65,la passe,45.5549,-0.8967,13.13,92,100,3.73,FR,1701992508
66,antonio enes,-16.2325,39.9086,24.36,81,17,2.87,MZ,1701992508
67,kigoma,-4.8769,29.6267,22.84,82,65,0.9,TZ,1701992508
68,hadibu,12.65,54.0333,24.73,66,94,5.74,YE,1701992509
69,queenstown,-31.8976,26.8753,16.44,65,60,1.4,ZA,1701992449
70,katsuura,35.1333,140.3,11.97,42,0,1.92,JP,1701992509
71,bukama,-9.2,25.85,20.56,96,53,0.68,CD,1701992509
72,suva,-18.1416,178.4415,29.71,70,75,3.6,FJ,1701992278
73,papao,-17.75,-149.55,24.82,79,90,8.98,PF,1701992509
74,sungailiat,-1.85,106.1333,27.35,82,97,2.38,ID,1701992509
75,ketchikan,55.3422,-131.6461,4.26,87,100,0.0,US,1701992510
76,iqaluit,63.7506,-68.5145,-14.15,84,75,5.14,CA,1701992510
77,san luis de la loma,17.2706,-100.8939,25.96,88,93,0.05,MX,1701992510
78,ta`u,-14.2336,-169.5144,27.55,81,86,5.52,AS,1701992449
79,cadale,2.7603,46.3222,26.54,69,17,6.26,SO,1701992510
80,constantia,44.1833,28.65,0.39,97,100,4.57,RO,1701992408
81,mutuali,-14.8706,37.0044,23.86,65,100,1.91,MZ,1701992510
82,urengoy,65.9667,78.3667,-22.19,96,100,6.02,RU,1701992510
83,codrington,-38.2667,141.9667,31.03,34,100,10.59,AU,1701992511
84,utrik,11.2278,169.8474,27.51,78,71,10.42,MH,1701992511
85,saipan,15.1355,145.701,27.39,83,40,6.17,MP,1701992511
86,port alfred,-33.5906,26.891,21.05,90,23,3.29,ZA,1701992511
87,alofi,-19.0595,-169.9187,29.94,70,75,4.12,NU,1701992511
88,nadi,-17.8,177.4167,31.0,62,40,7.2,FJ,1701992511
89,farasan,16.7022,42.1183,27.68,62,34,2.15,SA,1701992511
90,west island,-12.1568,96.8225,25.99,83,100,7.72,CC,1701992512
91,alekseyevka,50.6309,38.6903,-4.63,73,100,5.93,RU,1701992402
92,lihue,21.9789,-159.3672,26.87,74,75,5.14,US,1701992350
93,kidal,18.4411,1.4078,22.32,14,43,1.83,ML,1701992512
94,blackmans bay,-43.0167,147.3167,20.85,57,100,0.45,AU,1701992512
95,bambous,-20.2567,57.4061,24.53,83,68,2.01,MU,1701992512
96,cabo san lucas,22.8909,-109.9124,28.17,41,0,4.12,MX,1701992283
97,mount isa,-20.7333,139.5,30.87,27,2,1.03,AU,1701992513
98,snina,48.9886,22.151,0.2,99,100,0.96,SK,1701992513
99,el calafate,-50.3408,-72.2768,16.61,52,50,3.87,AR,1701992513
100,holualoa,19.6228,-155.9522,26.91,69,40,6.69,US,1701992469
101,acarau,-2.8856,-40.12,26.72,79,39,7.29,BR,1701992513
102,kwadukuza,-29.3282,31.2895,20.94,92,67,2.45,ZA,1701992513
103,la ronge,55.1001,-105.2842,-3.86,86,75,2.06,CA,1701992513
104,vershino-darasunskiy,52.35,115.5167,-24.11,99,99,1.29,RU,1701992514
105,boende,-0.2167,20.8667,21.39,99,59,0.78,CD,1701992514
106,escuinapa,22.85,-105.8,25.55,65,0,2.07,MX,1701992514
107,kapa'a,22.0752,-159.319,27.33,71,75,5.14,US,1701992514
108,twon-brass,4.3151,6.2418,27.5,79,99,6.24,NG,1701992514
109,cannonvale,-20.2833,148.7,27.66,57,95,8.05,AU,1701992514
110,box elder,41.5005,-112.8764,4.59,51,42,6.53,US,1701992515
111,arraial do cabo,-22.9661,-42.0278,28.92,65,0,6.69,BR,1701992515
112,novodvinsk,64.4165,40.8122,-26.23,97,58,1.78,RU,1701992515
113,hermanus,-34.4187,19.2345,19.48,72,46,3.52,ZA,1701992515
114,severo-yeniseyskiy,60.3725,93.0408,-31.9,93,99,1.34,RU,1701992515
115,khandyga,62.6667,135.6,-29.21,94,100,2.22,RU,1701992250
116,inarajan village,13.2736,144.7484,29.66,80,100,8.37,GU,1701992516
117,haiku-pauwela,20.9219,-156.3051,28.01,62,40,4.02,US,1701992516
118,salalah,17.0151,54.0924,22.05,43,0,2.57,OM,1701992516
119,kizel,59.0471,57.6477,-35.98,75,19,0.75,RU,1701992516
120,tsiombe,-25.3,45.4833,22.11,83,61,6.72,MG,1701992516
121,margaret river,-33.95,115.0667,17.14,57,10,5.7,AU,1701992250
122,nemuro,43.3236,145.575,1.31,56,54,11.96,JP,1701992433
123,kerikeri,-35.2268,173.9474,22.73,69,7,0.45,NZ,1701992517
124,kavaratti,10.5669,72.642,28.01,68,80,3.8,IN,1701992271
125,salinopolis,-0.6136,-47.3561,27.58,80,48,5.27,BR,1701992517
126,kencong,-8.2833,113.3667,26.73,83,100,0.4,ID,1701992517
127,happy valley-goose bay,53.3168,-60.3315,-4.83,74,100,8.23,CA,1701992517
128,yichang,30.7144,111.2847,12.47,58,100,1.57,CN,1701992517
129,altamira,-3.2033,-52.2064,25.22,84,65,1.51,BR,1701992434
130,turpan,42.9333,89.1667,0.45,57,97,0.84,CN,1701992518
131,klyuchi,52.2667,79.1667,-22.02,71,81,3.73,RU,1701992518
132,linxia chengguanzhen,35.6003,103.2064,1.78,25,48,1.56,CN,1701992518
133,hawaiian paradise park,19.5933,-154.9731,26.73,74,40,6.69,US,1701992469
134,nyurba,63.2842,118.3319,-51.53,100,75,0.85,RU,1701992518
135,idil,37.3411,41.8895,8.96,93,75,1.03,TR,1701992518
136,hamilton,39.1834,-84.5333,11.35,64,0,3.6,US,1701992518
137,sassandra,4.95,-6.0833,25.8,85,15,2.79,CI,1701992519
138,lodja,-3.4833,23.4333,20.93,99,58,1.0,CD,1701992519
139,maxixe,-23.8597,35.3472,23.54,82,55,3.12,MZ,1701992519
140,lagoa,39.05,-27.9833,17.44,93,100,12.52,PT,1701992519
141,tanabe,33.7333,135.3667,8.56,57,0,2.06,JP,1701992519
142,kavieng,-2.5744,150.7967,27.91,78,90,3.05,PG,1701992519
143,fort st. john,56.2499,-120.8529,-4.06,74,20,2.06,CA,1701992519
144,atafu village,-8.5421,-172.5159,29.34,71,72,2.31,TK,1701992482
145,punta arenas,-53.15,-70.9167,10.06,71,0,4.63,CL,1701992520
146,northam,51.0333,-4.2167,10.34,93,54,7.56,GB,1701992520
147,faya-largeau,17.9257,19.1043,20.79,20,74,3.61,TD,1701992520
148,masterton,-40.9597,175.6575,18.82,68,59,3.25,NZ,1701992520
149,manaure,11.7751,-72.4445,27.39,73,65,7.96,CO,1701992520
150,betio village,1.358,172.9211,28.27,82,100,5.85,KI,1701992520
151,portland,45.5234,-122.6762,9.32,90,75,4.12,US,1701992282
152,rio preto da eva,-2.6994,-59.6997,24.33,91,71,1.16,BR,1701992521
153,dryden,49.7833,-92.7503,2.16,80,100,3.6,CA,1701992477
154,papatowai,-46.5619,169.4708,16.41,53,99,4.01,NZ,1701992395
155,al ghayzah,16.2079,52.176,23.86,54,34,1.49,YE,1701992521
156,walvis bay,-22.9575,14.5053,16.16,86,12,4.22,NA,1701992521
157,pandan,14.0453,124.1694,28.09,71,98,2.59,PH,1701992521
158,mil'kovo,55.6078,37.7956,-12.78,100,99,2.36,RU,1701992521
159,chubbuck,42.9208,-112.4661,4.94,69,20,10.8,US,1701992522
160,mermoz boabab,14.7065,-17.4758,24.88,83,0,2.06,SN,1701992522
161,koundara,12.4833,-13.3,24.92,24,85,0.81,GN,1701992522
162,hithadhoo,-0.6,73.0833,27.72,75,96,5.26,MV,1701992522
163,pagar alam,-4.0167,103.2667,21.1,93,100,1.15,ID,1701992522
164,ancud,-41.8697,-73.8203,11.68,80,0,1.99,CL,1701992522
165,broome,42.2506,-75.833,2.57,90,100,1.54,US,1701992523
166,kem',64.9555,34.5793,-21.36,100,88,2.06,RU,1701992523
167,barcelos,41.5388,-8.6151,15.08,87,58,5.84,PT,1701992523
168,whitefish,48.4111,-114.3376,4.44,81,100,3.09,US,1701992523
169,iskateley,67.6803,53.1512,-14.43,96,100,3.58,RU,1701992429
170,sitka,57.0531,-135.33,3.94,87,75,2.57,US,1701992524
171,talcahuano,-36.7167,-73.1167,16.82,72,0,7.2,CL,1701992524
172,zhongshan,21.3226,110.5829,19.81,73,53,3.94,CN,1701992524
173,camacupa,-12.0167,17.4833,16.65,93,100,0.52,AO,1701992524
174,college,64.8569,-147.8028,-18.01,77,75,2.06,US,1701992524
175,fort bragg,35.139,-79.006,9.91,53,0,2.06,US,1701992524
176,iquitos,-3.7481,-73.2472,27.02,83,40,2.06,PE,1701992525
177,black point,-34.6187,137.8972,30.87,37,92,7.69,AU,1701992525
178,yeniseysk,58.4497,92.1703,-32.25,98,80,0.45,RU,1701992525
179,san jose de jachal,-30.2406,-68.7469,24.21,35,15,4.04,AR,1701992525
180,lakheri,25.6667,76.1667,16.49,65,0,0.59,IN,1701992525
181,kasongo-lunda,-6.4667,16.8167,21.24,99,99,0.22,CD,1701992526
182,fortuna foothills,32.6578,-114.4119,25.05,25,0,2.57,US,1701992526
183,nantucket,41.2835,-70.0995,1.06,55,20,3.6,US,1701992526
184,lashio,22.9333,97.75,17.18,100,99,0.55,MM,1701992526
185,pontes e lacerda,-15.2261,-59.3353,23.86,94,45,2.07,BR,1701992526
186,suzun,53.7841,82.3116,-28.88,93,25,1.67,RU,1701992526
187,kapuskasing,49.4169,-82.4331,-0.95,93,100,2.57,CA,1701992486
188,nouadhibou,20.931,-17.0347,21.99,56,53,6.17,MR,1701992527
189,huarmey,-10.0681,-78.1522,21.05,84,41,4.1,PE,1701992527
190,carnarvon,-24.8667,113.6333,22.35,63,0,10.02,AU,1701992527
191,chonchi,-42.6128,-73.8092,16.56,79,0,0.8,CL,1701992527
192,tual,-5.6667,132.75,28.64,71,100,0.35,ID,1701992528
193,jayapura,-2.5333,140.7,27.66,76,100,3.37,ID,1701992528
194,sinop,41.7711,34.8709,8.7,80,92,3.77,TR,1701992528
195,kodiak,57.79,-152.4072,-0.27,51,0,6.17,US,1701992528
196,howrah,22.5892,88.3103,20.0,88,75,3.09,IN,1701992528
197,tadine,-21.55,167.8833,25.25,65,100,7.1,NC,1701992528
198,pariaman,-0.619,100.12,24.03,85,91,1.13,ID,1701992528
199,anadyr,64.75,177.4833,-20.72,77,20,14.0,RU,1701992471
200,egilsstadir,65.2653,-14.3948,-3.05,63,40,3.6,IS,1701992529
201,serowe,-22.3833,26.7167,20.18,61,4,5.56,BW,1701992529
202,usinsk,65.9939,57.5281,-19.96,99,100,3.13,RU,1701992458
203,petropavlovsk-kamchatsky,53.0452,158.6483,-7.53,72,40,2.24,RU,1701992529
204,smithers,54.7804,-127.1743,-3.82,86,100,1.54,CA,1701992529
205,malvan,16.0667,73.4667,23.54,75,63,2.19,IN,1701992530
206,elverum,60.8819,11.5623,-15.64,99,92,1.51,NO,1701992530
207,ihosy,-22.4,46.1167,18.75,87,55,3.53,MG,1701992530
208,eqbaliyeh,35.3022,51.5358,11.9,40,71,4.7,IR,1701992530
209,sakakah,29.9697,40.2064,15.76,56,15,3.89,SA,1701992530
210,novo aripuana,-5.1206,-60.3797,23.11,96,81,1.45,BR,1701992530
211,lebu,-37.6167,-73.65,12.74,87,2,6.8,CL,1701992416
212,kendari,-3.945,122.4989,27.31,77,93,1.46,ID,1701992531
213,kerrville,30.0474,-99.1403,18.64,81,100,3.6,US,1701992531
214,colonia,50.9333,6.95,3.87,76,0,5.66,DE,1701992424
215,thompson,55.7435,-97.8558,-8.91,92,75,1.03,CA,1701992405
216,fort william,56.8165,-5.1121,5.73,91,100,2.26,GB,1701992498
217,andong,36.5656,128.725,4.18,66,0,0.28,KR,1701992531
218,saint croix,17.7397,-64.7388,25.53,78,0,2.06,VI,1701992532
219,nuku'alofa,-21.1333,-175.2,30.19,70,20,3.6,TO,1701992532
220,eyl,7.9803,49.8164,23.34,67,2,6.66,SO,1701992514
221,harstad,68.799,16.5293,-1.58,74,100,8.05,NO,1701992532
222,mbaiki,3.8678,17.9892,21.56,86,100,1.0,CF,1701992533
223,keflavik,64.0049,-22.5624,1.24,55,0,5.14,IS,1701992394
224,manta,-0.95,-80.7333,25.88,83,40,4.63,EC,1701992475
225,el oro de hidalgo,19.8,-100.1333,8.46,86,96,1.46,MX,1701992533
226,ravels,51.372,4.9904,3.79,87,100,0.89,BE,1701992533
227,mokhsogollokh,61.4681,128.9203,-33.57,97,100,1.78,RU,1701992534
228,bafoulabe,13.8065,-10.8321,27.63,16,50,1.55,ML,1701992534
229,castillos,-34.1667,-53.8333,15.62,81,20,5.34,UY,1701992534
230,igarka,67.4667,86.5833,-27.96,97,99,3.73,RU,1701992534
231,st. john's,47.5649,-52.7093,-1.13,85,75,10.8,CA,1701992535
232,pangody,65.85,74.4859,-18.21,96,100,6.17,RU,1701992535
233,maitum,6.0392,124.4986,28.71,73,43,0.85,PH,1701992535
234,dali,25.7,100.1833,10.29,97,100,0.42,CN,1701992536
235,kralendijk,12.15,-68.2667,27.99,78,68,7.72,BQ,1701992253
236,uturoa,-16.7333,-151.4333,27.3,77,50,4.2,PF,1701992536
237,jamestown,42.097,-79.2353,3.64,86,100,0.0,US,1701992522
238,fremont,37.5483,-121.9886,14.79,89,75,4.02,US,1701992519
239,aykhal,66.0,111.5,-27.11,99,99,2.19,RU,1701992537
240,adigrat,14.277,39.462,10.97,79,23,1.75,ET,1701992537
241,labrador city,52.9463,-66.9114,-11.05,85,100,3.6,CA,1701992537
242,nuuk,64.1835,-51.7216,2.34,51,98,2.57,GL,1701992302
243,altar,30.7,-111.8167,23.58,18,6,3.15,MX,1701992538
244,meadow lakes,61.6247,-149.6011,-4.34,74,20,4.92,US,1701992538
245,vilyuysk,63.7553,121.6247,-45.56,100,94,1.34,RU,1701992538
246,invercargill,-46.4,168.35,17.07,53,91,3.79,NZ,1701992538
247,hotan,37.0997,79.9269,6.35,11,26,1.11,CN,1701992539
248,santa maria,-29.6842,-53.8069,22.61,88,75,1.03,BR,1701992539
249,orcopampa,-15.2661,-72.3417,9.16,82,96,1.72,PE,1701992539
250,fale old settlement,-9.3852,-171.2468,28.35,77,97,3.86,TK,1701992536
251,reggane,26.7158,0.1714,19.04,31,85,2.42,DZ,1701992540
252,wynyard,-41.0,145.7167,17.95,65,94,4.18,AU,1701992540
253,isangel,-19.55,169.2667,29.06,58,75,3.6,VU,1701992540
254,itaituba,-4.2761,-55.9836,24.62,98,100,0.92,BR,1701992497
255,harrisburg,40.2737,-76.8844,5.25,82,100,0.45,US,1701992540
256,grand island,40.925,-98.342,11.16,53,0,4.12,US,1701992541
257,sao joao da barra,-21.6403,-41.0511,26.05,85,1,9.48,BR,1701992517
258,maputo,-25.9653,32.5892,22.82,94,75,1.03,MZ,1701992541
259,prince rupert,54.3161,-130.3201,4.83,79,100,2.57,CA,1701992535
260,lorengau,-2.0226,147.2712,28.07,82,100,5.69,PG,1701992541
261,karratha,-20.7377,116.8463,33.76,22,4,7.96,AU,1701992541
262,hue,16.4667,107.6,21.06,94,75,1.03,VN,1701992542
263,nikolayevsk-on-amure,53.1406,140.73,-8.82,79,100,3.86,RU,1701992542
264,agua dulce,18.1333,-94.1333,19.88,81,92,4.31,MX,1701992542
265,remire-montjoly,4.9167,-52.2667,27.02,89,75,1.54,GF,1701992542
266,polyarnyy,69.1989,33.4478,-13.09,93,92,6.99,RU,1701992542
267,karungdong,5.8844,121.263,28.16,78,100,2.74,PH,1701992543
268,saint-philippe,-21.3585,55.7679,23.77,86,65,3.77,RE,1701992543
269,durango,24.8333,-104.8333,17.22,37,26,0.27,MX,1701992543
270,as sulayyil,20.4607,45.5779,16.14,34,51,2.58,SA,1701992543
271,newman,37.3138,-121.0208,17.3,51,57,1.79,US,1701992544
272,tazovsky,67.4667,78.7,-27.42,96,61,5.45,RU,1701992544
273,itamaraca,-7.7478,-34.8256,28.03,78,97,4.59,BR,1701992544
274,minas de marcona,-15.2119,-75.1103,16.05,76,19,6.54,PE,1701992544
275,temirtau,50.0544,72.9483,-19.17,88,34,3.1,KZ,1701992544
276,qamdo,31.1667,97.2333,-5.11,55,100,0.37,CN,1701992545
277,shalazhi,43.0978,45.3608,3.85,96,99,0.69,RU,1701992545
278,cacu,-18.5567,-51.1308,27.9,40,26,1.29,BR,1701992545
279,isafjordur,66.0755,-23.124,-2.19,78,92,4.03,IS,1701992545
280,rongelap,11.1635,166.8941,27.45,83,11,9.47,MH,1701992545
281,east ballina,-28.8667,153.5833,25.96,66,0,2.65,AU,1701992546
282,nelson bay,-32.7167,152.15,28.03,77,18,5.81,AU,1701992546
283,selfoss,63.9331,-20.9971,-4.26,62,88,5.38,IS,1701992546
284,qaqortoq,60.7167,-46.0333,2.32,61,100,6.53,GL,1701992539
285,januaria,-15.4833,-44.3667,24.97,46,1,2.34,BR,1701992547
286,markovo,57.3206,107.0881,-41.49,100,77,1.03,RU,1701992547
287,guerrero negro,27.9769,-114.0611,19.27,69,0,8.55,MX,1701992534
288,kone,-21.0595,164.8658,28.24,50,100,3.37,NC,1701992547
289,general roca,-39.0333,-67.5833,24.91,37,26,7.85,AR,1701992548
290,port-cartier,50.0334,-66.8654,-7.18,88,6,3.15,CA,1701992548
291,conceicao do araguaia,-8.2578,-49.2647,28.13,58,97,1.66,BR,1701992381
292,idri,27.5,13.2667,13.56,53,0,4.58,LY,1701992548
293,iwanai,42.9744,140.5089,1.09,64,99,8.4,JP,1701992548
294,gornozavodsk,58.3758,58.3211,-37.23,100,16,0.4,RU,1701992549
295,rio gallegos,-51.6226,-69.2181,14.03,51,0,5.14,AR,1701992549
296,ad dilam,23.9915,47.1627,16.23,19,0,1.46,SA,1701992549
297,san patricio,28.017,-97.5169,22.13,74,100,5.8,US,1701992549
298,greenland,43.0362,-70.8328,-1.51,71,40,2.06,US,1701992549
299,crane,31.3974,-102.3501,19.16,29,1,2.81,US,1701992549
300,zaozersk,69.4005,32.4476,-16.52,95,76,4.19,RU,1701992550
301,pundong,-7.9522,110.3486,27.06,80,97,0.84,ID,1701992550
302,krasnokamsk,58.0802,55.7541,-34.92,100,32,0.38,RU,1701992550
303,katsuren-haebaru,26.3369,127.8719,18.01,72,0,2.06,JP,1701992550
304,barabinsk,55.3571,78.357,-37.23,99,11,1.89,RU,1701992550
305,nanning,22.8167,108.3167,12.25,70,48,2.1,CN,1701992550
306,port hedland,-20.3167,118.5667,28.03,83,9,1.54,AU,1701992551
307,saldanha,-33.0117,17.9442,17.03,92,3,4.27,ZA,1701992551
308,praia da vitoria,38.7333,-27.0667,18.75,94,75,9.65,PT,1701992551
309,gulu,2.7746,32.299,21.4,76,45,1.44,UG,1701992435
310,mount gambier,-37.8333,140.7667,31.75,31,97,5.15,AU,1701992291
311,george town,5.4112,100.3354,25.96,95,20,1.03,MY,1701992431
312,christchurch,-43.5333,172.6333,21.97,55,40,4.12,NZ,1701992448
313,anloga,5.7947,0.8973,27.89,80,100,5.35,GH,1701992552
314,el bauga,18.262,33.9081,21.62,47,34,3.72,SD,1701992552
315,vorgashor,67.5833,63.95,-25.09,98,100,1.83,RU,1701992483
316,aasiaat,68.7098,-52.8699,-11.57,85,100,0.79,GL,1701992552
317,byron bay,-28.65,153.6167,26.99,63,1,2.27,AU,1701992552
318,greenville,35.6127,-77.3663,8.02,59,0,2.06,US,1701992280
319,brokopondo,4.75,-55.1667,26.7,81,88,5.21,SR,1701992553
320,whakatane,-37.9585,176.9854,23.27,70,86,3.64,NZ,1701992553
321,zouerate,22.7187,-12.4521,18.99,35,100,3.49,MR,1701992553
322,kailua-kona,19.6406,-155.9956,28.98,69,40,6.69,US,1701992553
323,banda aceh,5.5577,95.3222,25.85,83,100,3.0,ID,1701992553
324,woolgoolga,-30.1106,153.2007,25.93,73,19,4.4,AU,1701992553
325,cill airne,52.05,-9.5167,9.22,85,94,7.29,IE,1701992554
326,callao,-12.0667,-77.15,20.16,77,75,3.6,PE,1701992554
327,banikoara,11.2985,2.4386,24.44,17,87,2.3,BJ,1701992554
328,nicoya,10.1483,-85.452,25.55,75,2,3.78,CR,1701992554
329,labuan,5.2767,115.2417,25.2,94,20,0.0,MY,1701992528
330,aur,8.1499,171.1687,27.9,83,87,9.44,MH,1701992554
331,fallon,39.4735,-118.7774,9.93,30,100,2.57,US,1701992555
332,ajaccio,42.0,8.9167,5.99,76,100,3.09,FR,1701992555
333,acapulco de juarez,16.8634,-99.8901,29.9,74,75,4.12,MX,1701992508
334,bogra,24.85,89.3667,18.91,89,98,3.58,BD,1701992555
335,gorontalo,0.5412,123.0595,27.71,84,91,0.76,ID,1701992555
336,onguday,50.75,86.15,-12.91,75,100,1.1,RU,1701992555
337,villa gesell,-37.2639,-56.973,15.03,70,0,5.36,AR,1701992556
338,kuqa,41.7278,82.9364,2.41,43,100,2.22,CN,1701992556
339,shwebo,22.5667,95.7,19.34,97,100,1.39,MM,1701992556
340,revelstoke,50.9832,-118.2023,3.01,87,100,1.03,CA,1701992556
341,sainte-anne-des-monts,49.124,-66.4924,-3.07,80,95,7.72,CA,1701992556
342,joshimath,30.5667,79.5667,6.35,19,0,3.78,IN,1701992556
343,cestos city,5.46,-9.5828,26.59,81,20,3.18,LR,1701992557
344,al jahra',29.3375,47.6581,17.57,30,0,1.4,KW,1701992557
345,bhatapara,21.7333,81.9333,17.09,95,38,2.02,IN,1701992557
346,shenjiamen,29.9576,122.298,15.59,76,0,9.63,CN,1701992557
347,mahina,-17.5065,-149.489,24.87,88,75,7.2,PF,1701992557
348,bonthe,7.5264,-12.505,26.32,83,7,2.29,SL,1701992558
349,aberystwyth,52.4155,-4.0829,8.17,91,30,5.76,GB,1701992558
350,aba,5.1066,7.3667,25.14,87,93,2.39,NG,1701992558
351,ciudad lazaro cardenas,17.9583,-102.2,26.62,73,29,1.33,MX,1701992558
352,belur,13.1667,75.8667,18.63,83,51,1.39,IN,1701992558
353,bandarbeyla,9.4942,50.8122,23.74,67,3,7.62,SO,1701992558
354,howard springs,-12.497,131.047,29.9,89,94,0.81,AU,1701992559
355,puerto aysen,-45.4,-72.7,16.34,85,42,1.54,CL,1701992559
356,afaahiti,-17.75,-149.2833,23.93,79,93,9.13,PF,1701992396
357,narrabri,-30.3167,149.7833,34.18,37,67,1.79,AU,1701992559
358,vetluga,57.8557,45.781,-25.06,99,50,1.18,RU,1701992559
359,neiafu,-18.65,-173.9833,30.38,74,40,3.6,TO,1701992559
360,erenhot,43.6475,111.9767,-1.56,56,100,7.4,CN,1701992559
361,kismayo,-0.3582,42.5454,26.94,75,9,4.66,SO,1701992560
362,mount pleasant,32.7941,-79.8626,11.67,77,0,2.06,US,1701992560
363,harrisonville,38.6533,-94.3488,17.1,53,0,5.14,US,1701992560
364,podgornoye,51.735,39.1496,-5.75,89,75,5.0,RU,1701992560
365,turaif,31.6725,38.6637,10.14,71,0,4.12,SA,1701992560
366,yauco,18.035,-66.8499,27.08,89,16,0.89,PR,1701992560
367,broken hill,-31.95,141.4333,37.9,15,94,14.03,AU,1701992561
368,kaifeng,34.7911,114.3483,10.22,43,0,3.29,CN,1701992561
369,phang nga,8.4509,98.5298,25.02,93,62,1.67,TH,1701992561
370,narimanov,46.6927,47.8498,-2.25,60,74,6.15,RU,1701992561
371,soio,-6.1349,12.3689,27.31,76,71,4.17,AO,1701992377
372,thief river falls,48.1191,-96.1812,7.53,65,0,6.17,US,1701992561
373,new norfolk,-42.7826,147.0587,21.51,21,98,1.06,AU,1701992561
374,cidreira,-30.1811,-50.2056,20.67,88,100,7.84,BR,1701992562
375,griffith,41.5284,-87.4237,9.94,78,0,2.57,US,1701992562
376,buka,40.8108,69.1986,4.4,59,100,1.79,UZ,1701992562
377,santa elena de uairen,4.6167,-61.1333,20.69,92,100,0.78,VE,1701992562
378,pisco,-13.7,-76.2167,21.03,78,40,8.75,PE,1701992562
379,balnearia,-31.0088,-62.6673,22.81,51,0,3.57,AR,1701992562
380,greymouth,-42.4667,171.2,15.97,61,44,3.64,NZ,1701992563
381,tolanaro,-25.0319,46.9987,22.04,94,75,6.17,MG,1701992563
382,tofol,5.3248,163.0078,30.88,70,75,2.57,FM,1701992526
383,tazacorte,28.629,-17.9293,19.54,80,75,5.14,ES,1701992563
384,anderson,34.5334,-82.6499,11.49,50,0,2.57,US,1701992418
385,yoichi,43.2039,140.7703,1.54,65,94,9.38,JP,1701992563
386,truth or consequences,33.1284,-107.2528,21.13,18,0,2.57,US,1701992563
387,geraldton,-28.7667,114.6,21.23,60,7,8.75,AU,1701992435
388,rundu,-17.9333,19.7667,23.26,54,44,1.83,NA,1701992564
389,aras-asan,8.8908,126.3033,27.1,80,60,1.27,PH,1701992564
390,cantaura,9.3057,-64.3584,24.09,85,85,3.6,VE,1701992564
391,verkhnevilyuysk,63.4453,120.3167,-45.72,99,96,1.25,RU,1701992564
392,shambu,9.5667,37.1,12.39,67,96,0.66,ET,1701992564
393,hasaki,35.7333,140.8333,11.27,37,0,1.93,JP,1701992564
394,port lincoln,-34.7333,135.8667,22.26,58,96,4.87,AU,1701992551
395,ghadamis,30.1337,9.5007,11.85,72,0,2.57,LY,1701992565
396,torghay,49.6339,63.4981,-18.03,57,74,7.9,KZ,1701992565
397,la'ie,21.6477,-157.9253,28.98,61,16,1.79,US,1701992565
398,marsa alam,25.0757,34.8918,21.8,66,0,2.42,EG,1701992565
399,taksimo,56.3444,114.8794,-28.23,80,100,1.24,RU,1701992565
400,san francisco de asis,10.2868,-73.894,26.88,74,95,0.92,CO,1701992565
401,kargasok,59.0556,80.8572,-24.46,91,100,3.58,RU,1701992566
402,pasni,25.2631,63.471,21.4,51,0,3.04,PK,1701992566
403,luganville,-15.5333,167.1667,27.22,83,100,4.42,VU,1701992566
404,wau,7.7029,27.9953,24.24,24,26,2.2,SS,1701992566
405,kununurra,-15.7667,128.7333,30.99,66,83,2.06,AU,1701992488
406,mugia,43.1041,-9.2179,13.98,75,70,9.81,ES,1701992566
407,modasa,23.4667,73.3,17.89,66,0,3.61,IN,1701992566
408,melenki,55.3343,41.6295,-23.31,100,70,2.01,RU,1701992567
409,al lagowa,11.4,29.1333,22.27,17,1,3.45,SD,1701992567
410,vernon,50.2581,-119.2691,5.42,84,99,1.03,CA,1701992511
411,ulanhot,46.0833,122.0833,-10.18,84,49,2.01,CN,1701992567
412,yuzhno-kurilsk,44.0306,145.8556,3.54,89,85,11.1,RU,1701992567
413,chester,40.1254,-75.8749,2.84,86,100,2.06,US,1701992567
414,troitsko-pechorsk,62.7084,56.1964,-29.61,99,90,0.89,RU,1701992567
415,rikaze,29.25,88.8833,-2.06,92,94,0.94,CN,1701992568
416,aldinga beach,-35.2793,138.4604,30.35,47,91,6.24,AU,1701992568
417,baykal'sk,51.5058,104.1469,-18.24,89,100,4.05,RU,1701992568
418,dunedin,-45.8742,170.5036,16.93,55,59,2.2,NZ,1701992451
419,benito juarez,19.385,-99.165,14.91,77,75,6.17,MX,1701992568
420,arkhangel'sk,64.5401,40.5433,-26.04,75,40,2.0,RU,1701992568
421,akrehamn,59.2667,5.1833,2.45,64,45,5.66,NO,1701992569
422,batticaloa,7.7102,81.6924,25.93,86,99,3.25,LK,1701992569
423,toropets,56.4978,31.6353,-13.54,94,100,3.79,RU,1701992569
424,tralee,52.2704,-9.7026,9.22,85,94,7.16,IE,1701992569
425,jora,26.3333,77.8167,17.87,56,37,0.59,IN,1701992569
426,arinos,-15.9169,-46.1056,25.34,38,0,0.6,BR,1701992569
427,trincomalee,8.5711,81.2335,26.24,83,100,1.47,LK,1701992570
428,suntar,62.1444,117.6319,-49.86,100,83,0.45,RU,1701992570
429,balqash,46.8481,74.995,-7.78,51,100,6.39,KZ,1701992570
430,dakoro,14.5106,6.765,20.52,15,100,4.13,NE,1701992570
431,bardai,11.65,7.2333,21.01,21,87,3.28,NG,1701992570
432,cedeira,43.6797,-8.0209,12.43,77,76,10.04,ES,1701992570
433,morioka,39.7036,141.1525,6.72,65,14,4.69,JP,1701992358
434,jose maria morelos,23.3952,-103.8984,15.42,42,41,6.64,MX,1701992571
435,puchenii mari,44.8167,26.0833,0.91,86,100,1.92,RO,1701992571
436,hanzhong,33.0728,107.0303,7.27,77,54,0.93,CN,1701992571
437,suihua,46.6406,126.9969,-9.71,79,96,5.33,CN,1701992571
438,dudinka,69.4058,86.1778,-27.96,91,9,4.92,RU,1701992571
439,dera bugti,29.0307,69.151,12.56,33,0,1.43,PK,1701992399
440,silchar,24.8167,92.8,19.07,96,100,2.02,IN,1701992572
441,ulsteinvik,62.3432,5.8487,1.53,73,2,1.79,NO,1701992572
442,souillac,-20.5167,57.5167,25.21,94,75,1.54,MU,1701992572
443,lucas,41.6501,-83.6666,6.4,79,0,2.06,US,1701992572
444,boyolangu,-8.1181,111.8935,26.86,83,100,2.14,ID,1701992572
445,xiangtan,27.85,112.9,8.18,59,22,2.57,CN,1701992572
446,quellon,-43.1167,-73.6167,11.83,82,0,3.5,CL,1701992573
447,barra de santo antonio,-9.4047,-35.5072,25.6,81,83,3.73,BR,1701992573
448,illizi,26.4833,8.4667,13.89,37,2,1.82,DZ,1701992573
449,nova sintra,14.8667,-24.7167,22.15,68,77,3.37,CV,1701992573
450,tarawa,1.419,172.984,28.22,83,100,6.09,KI,1701992573
451,omutninsk,58.67,52.1932,-35.72,100,19,0.91,RU,1701992573
452,qingdao,36.0986,120.3719,5.78,93,0,3.0,CN,1701992573
453,ponta delgada,37.7333,-25.6667,19.4,94,75,5.14,PT,1701992574
454,kiunga,-6.1219,141.2906,29.72,70,71,0.51,PG,1701992574
455,cockburn town,21.4612,-71.1419,25.34,67,100,7.44,TC,1701992574
456,itumba,-9.4,33.1833,17.4,97,48,1.46,TZ,1701992574
457,severnoye,56.3491,78.3619,-37.79,100,31,1.79,RU,1701992574
458,aguas vermelhas,-15.7472,-41.46,20.2,74,71,1.75,BR,1701992575
459,coquimbo,-29.9533,-71.3436,15.85,88,75,3.6,CL,1701992575
460,port hueneme,34.1478,-119.1951,21.73,53,0,4.63,US,1701992575
461,evans,33.5337,-82.1307,9.46,61,2,2.35,US,1701992575
462,les anglais,18.3054,-74.2197,25.54,81,54,1.75,HT,1701992575
463,iquique,-20.2208,-70.1431,20.02,75,17,0.92,CL,1701992575
464,turinsk,58.0458,63.696,-33.15,97,6,1.65,RU,1701992575
465,khamis mushait,18.3064,42.7292,11.58,46,0,0.0,SA,1701992576
466,novyy urgal,51.0736,132.5642,-20.24,95,92,1.1,RU,1701992576
467,stjordalshalsen,63.4681,10.9262,-9.49,78,0,2.06,NO,1701992576
468,east london,-33.0153,27.9116,21.3,88,24,3.22,ZA,1701992576
469,mahanoro,-19.9,48.8,22.32,86,74,0.8,MG,1701992576
470,raduzhnyy,62.0961,77.475,-25.66,95,100,4.54,RU,1701992576
471,redencao,-4.2258,-38.7306,24.95,87,28,1.64,BR,1701992576
472,rio grande,-32.035,-52.0986,20.06,77,51,9.22,BR,1701992577
473,marquette,46.5333,-87.6335,2.69,84,42,0.89,US,1701992577
474,taza,34.25,-3.75,15.24,82,98,7.84,MA,1701992577
475,kabalo,-6.05,26.9167,20.68,97,78,0.32,CD,1701992577
476,kotel'nich,58.3089,48.348,-28.94,99,33,1.49,RU,1701992577
477,fraserburgh,57.6874,-2.0184,6.18,96,100,16.05,GB,1701992577
478,usogorsk,63.4106,48.6872,-29.63,99,15,0.44,RU,1701992578
479,dubbo,-32.25,148.6167,32.07,35,34,6.17,AU,1701992578
480,lata,40.1629,-8.3327,12.67,95,49,2.16,PT,1701992578
481,opuwo,-18.0607,13.84,23.18,38,98,1.31,NA,1701992578
482,borogontsy,62.6683,131.1683,-34.03,97,100,2.55,RU,1701992578
483,choyr,46.3611,108.3611,-14.51,90,5,3.58,MN,1701992578
484,garachico,28.7781,-17.7646,18.06,73,75,5.14,ES,1701992578
485,morondava,-20.2833,44.2833,26.86,82,55,4.63,MG,1701992579
486,goba,7.0167,39.9833,8.62,72,21,1.84,ET,1701992579
487,cottbus,51.7667,14.3333,1.09,96,98,2.91,DE,1701992579
488,massawa,15.6097,39.45,26.39,70,5,1.59,ER,1701992579
489,arno,60.1167,18.6333,0.99,98,100,4.95,SE,1701992579
490,gordonvale,-17.0936,145.7842,29.88,52,65,3.63,AU,1701992579
491,dongola,19.1667,30.4833,17.7,24,24,4.64,SD,1701992579
492,safi,32.1667,-8.8333,14.24,84,100,4.23,MA,1701992580
493,ebon,4.582,168.6964,28.18,80,64,7.76,MH,1701992396
494,irece,-11.3042,-41.8558,24.27,59,100,4.91,BR,1701992580
495,santyoku,37.4406,129.1708,9.3,53,1,3.0,KR,1701992580
496,bodo,67.28,14.405,-2.98,63,100,11.32,NO,1701992580
497,kez,57.8979,53.7152,-35.45,100,25,1.04,RU,1701992580
498,prado,-17.3411,-39.2208,24.75,88,2,3.67,BR,1701992580
499,fairfield glade,36.0004,-84.8863,6.28,68,0,2.57,US,1701992581
500,kimbe,-5.5502,150.1429,28.53,80,81,1.45,PG,1701992581
501,downpatrick,54.3263,-5.7035,7.72,87,52,5.82,GB,1701992581
502,khromtau,50.2503,58.4347,-18.6,88,45,5.55,KZ,1701992581
503,tosontsengel,48.7567,98.2839,-28.49,98,75,0.45,MN,1701992581
504,presidente franco,-25.5333,-54.6167,22.29,100,40,4.12,PY,1701992581
505,flin flon,54.7682,-101.865,-3.09,100,75,0.0,CA,1701992581
506,muroto-misakicho,33.2833,134.15,14.33,60,0,0.72,JP,1701992582
507,musaffah,24.3458,54.5024,25.53,73,0,1.54,AE,1701992582
508,goniri,11.4833,12.3144,21.12,16,56,2.92,NG,1701992582
509,pointe-noire,-4.7761,11.8635,26.21,82,72,2.81,CG,1701992582
510,chumphon,10.3333,98.8333,21.56,94,89,0.88,TH,1701992582
511,saint-joseph,-21.3667,55.6167,24.71,85,53,3.91,RE,1701992582
512,'alaqahdari dishu,30.4374,63.313,11.77,20,0,0.91,AF,1701992582
513,leua,48.2156,18.6071,-1.14,97,89,1.02,SK,1701992583
514,saynshand,44.8824,110.1163,-10.23,85,97,5.36,MN,1701992583
515,kuching,1.55,110.3333,27.9,91,20,0.0,MY,1701992510
516,wuhai,39.6647,106.8122,1.65,41,16,3.44,CN,1701992583
517,port blair,11.6667,92.75,25.02,94,20,1.03,IN,1701992583
518,colonia menno,-22.3667,-59.8167,25.28,89,98,3.61,PY,1701992583
519,lobujya,27.95,86.8167,-15.43,50,15,4.61,NP,1701992584
520,formosa,-26.1775,-58.1781,24.99,95,75,1.54,AR,1701992584
521,seria,4.6167,114.3167,25.12,91,100,1.77,BN,1701992584
522,mattoon,39.4831,-88.3728,12.69,58,0,4.63,US,1701992295
523,kaa-khem,51.6833,94.7333,-20.33,85,100,1.42,RU,1701992454
524,guatire,10.4762,-66.5427,22.65,97,96,0.96,VE,1701992584
525,vorkuta,67.5,64.0,-25.59,98,100,1.82,RU,1701992584
526,apia,-13.8333,-171.7667,30.95,80,100,6.07,WS,1701992584
527,churapcha,62.0025,132.4325,-32.53,98,100,2.67,RU,1701992585
528,lubang,13.8584,120.124,27.38,77,43,9.08,PH,1701992585
529,laojunmiao,39.8333,97.7333,-2.48,34,24,1.9,CN,1701992585
530,palikir - national government center,6.9248,158.1611,26.47,89,100,3.09,FM,1701992480
531,tangalle,6.024,80.7911,24.62,92,47,0.97,LK,1701992390
532,nechi,8.0942,-74.7757,25.22,92,95,0.55,CO,1701992585
533,pajan,-1.5667,-80.4167,26.61,77,82,1.29,EC,1701992586
534,voi,-3.3945,38.563,22.46,91,27,0.78,KE,1701992586
535,qarazhal,48.0078,70.7903,-13.52,60,90,5.81,KZ,1701992586
536,kostomuksha,64.571,30.5767,-19.42,100,99,1.34,RU,1701992477
537,saint-pierre,-21.3393,55.4781,25.32,88,75,1.03,RE,1701992586
538,labytnangi,66.6572,66.4183,-21.88,87,100,3.69,RU,1701992586
539,toamasina,-18.1667,49.3833,24.0,88,40,2.57,MG,1701992586
540,vilyuchinsk,52.9306,158.4028,-6.71,82,100,1.27,RU,1701992587
541,daxing,39.7214,116.3292,1.98,39,51,0.5,CN,1701992587
542,brooks,50.5834,-111.8851,1.99,88,100,5.14,CA,1701992587
543,ocampo,21.65,-101.5,11.4,75,75,2.18,MX,1701992587
544,qujing,25.4833,103.7833,8.91,97,81,2.91,CN,1701992587
545,harper,4.375,-7.7169,26.62,81,29,3.79,LR,1701992587
546,kegen,43.0197,79.2203,-4.52,75,81,1.03,KZ,1701992587
547,aksu,41.1231,80.2644,1.96,39,96,1.64,CN,1701992588
548,valley city,46.9233,-98.0032,8.29,66,0,6.17,US,1701992588
549,poxoreo,-15.8372,-54.3892,27.89,65,92,0.86,BR,1701992588
550,san matias,-16.3667,-58.4,28.83,54,52,1.02,BO,1701992588
551,bubaque,11.2833,-15.8333,27.6,71,26,5.48,GW,1701992588
552,am timan,11.0297,20.2827,24.51,21,33,2.58,TD,1701992588
553,north lakhimpur,27.2333,94.1167,16.75,93,100,0.72,IN,1701992589
554,tuy hoa,13.0833,109.3,23.32,92,91,2.43,VN,1701992589
555,shatrovo,56.5167,64.6333,-30.1,94,6,2.05,RU,1701992589
556,sayat,38.7839,63.8803,0.93,33,100,3.76,TM,1701992589
557,pangoa,-12.1167,-73.0,20.97,98,51,0.73,PE,1701992589
558,inirida,3.8653,-67.9239,23.81,97,100,1.38,CO,1701992589
559,luwuk,-0.9516,122.7875,28.75,75,100,0.53,ID,1701992590
560,sisimiut,66.9395,-53.6735,-5.1,73,100,2.69,GL,1701992544
561,tucuma,-0.1833,-50.05,26.1,86,99,3.41,BR,1701992590
562,moravske budejovice,49.0521,15.8086,-3.97,97,66,0.74,CZ,1701992590
563,pont rouge,48.8833,-72.0825,-11.84,93,9,1.24,CA,1701992531
564,sabang,5.8933,95.3214,27.52,82,98,6.26,ID,1701992590
565,touros,-5.1989,-35.4608,27.21,78,83,9.46,BR,1701992350
566,flying fish cove,-10.4217,105.6791,25.82,83,75,2.06,CX,1701992591
567,kaedi,16.1465,-13.5047,26.57,12,54,4.61,MR,1701992591
568,bamboo flat,11.7,92.7167,25.05,94,20,1.03,IN,1701992591
569,puerto baquerizo moreno,-0.9,-89.6,24.12,88,83,4.93,EC,1701992591
570,rumuruti,0.267,36.5389,12.86,89,12,1.58,KE,1701992591
571,kirovsk,48.6375,38.6428,-3.31,86,100,7.94,UA,1701992592
572,canmore,51.0834,-115.3521,-0.29,86,100,1.54,CA,1701992592
573,yakeshi,49.2833,120.7333,-14.69,96,100,3.63,CN,1701992592
574,targuist,34.9377,-4.3186,11.44,88,96,3.81,MA,1701992592
575,cueto,20.6439,-75.9356,24.29,81,85,3.7,CU,1701992592
576,ingleside,27.8778,-97.2117,22.21,83,100,4.12,US,1701992477
577,at taj,24.2049,23.2857,14.59,29,0,2.96,LY,1701992593
578,la foa,-21.7108,165.8276,27.4,52,100,3.05,NC,1701992593
579,el alto,-4.2714,-81.2147,21.81,81,41,5.36,PE,1701992593
580,olyokminsk,60.3736,120.4264,-32.49,96,100,0.77,RU,1701992593
581,axum,14.1245,38.7244,13.13,65,11,0.59,ET,1701992593
